muestra,tiempo,ppg,ppg filtrado,spi,spi_promedio,estado,tipo evento,evento,alarma
1,0.04,-985304,325.3855818382749,nan,-,-,-,-,-
2,0.08,-986157,-1078.770619292612,nan,-,-,-,-,-
3,0.12,-986890,-1756.6134598453807,nan,-,-,-,-,-
4,0.16,-987633,-1614.8316922136582,nan,-,-,-,-,-
5,0.2,-987456,-1146.0138865389386,nan,-,-,-,-,-
6,0.24,-985021,-906.6614518326687,nan,-,-,-,-,-
7,0.28,-980434,-1037.081007995217,nan,-,-,-,-,-
8,0.32,-968283,-1475.8285067733887,nan,-,-,-,-,-
9,0.36,-966666,-1365.0402345788825,nan,-,-,-,-,-
10,0.4,-969303,-868.3623036722647,nan,-,-,-,-,-
11,0.44,-971757,-278.99811605066066,nan,-,-,-,-,-
12,0.48,-977023,366.5817059209694,nan,-,-,-,-,-
13,0.52,-977598,799.763729640762,nan,-,-,-,-,-
14,0.56,-976711,1169.5139190106365,nan,-,-,-,-,-
15,0.6,-977058,1620.2451891549654,nan,-,-,-,-,-
16,0.64,-979122,2127.517039573101,nan,-,-,-,-,-
17,0.68,-982179,2413.0464134892964,nan,-,-,-,-,-
18,0.72,-983636,2010.622392834559,nan,-,-,-,-,-
19,0.76,-985673,869.6300887827701,nan,-,-,-,-,-
20,0.8,-985684,-636.2103664446877,nan,-,-,-,-,-
21,0.84,-986803,-1642.4014222996652,nan,-,-,-,-,-
22,0.88,-987653,-1786.4772533817777,nan,-,-,-,-,-
23,0.92,-988202,-1319.4937653963614,nan,-,-,-,-,-
24,0.96,-986289,-887.8931896937866,nan,-,-,-,-,-
25,1.0,-981866,-870.7668612717898,nan,-,-,-,-,-
26,1.04,-970865,-1325.6969043784957,nan,-,-,-,-,-
27,1.08,-966829,-1472.6544231328262,nan,-,-,-,-,-
28,1.12,-968580,-1115.872584853163,nan,-,-,-,-,-
29,1.16,-972320,-441.3148374317175,nan,-,-,-,-,-
30,1.2,-976039,257.95674417736427,nan,-,-,-,-,-
31,1.24,-976905,738.1773322842419,nan,-,-,-,-,-
32,1.28,-977875,1127.1715385807192,nan,-,-,-,-,-
33,1.32,-976928,1497.6317562267186,nan,-,-,-,-,-
34,1.36,-979285,2048.44802235098,nan,-,-,-,-,-
35,1.4,-981730,2432.5427991626293,nan,-,-,-,-,-
36,1.44,-982785,2175.015821711419,nan,-,-,-,-,-
37,1.48,-984697,1144.6500639719607,nan,-,-,-,-,-
38,1.52,-985412,-344.373306348808,nan,-,-,-,-,-
39,1.56,-986156,-1485.320670658934,nan,-,-,-,-,-
40,1.6,-987117,-1777.3322909412527,nan,-,-,-,-,-
41,1.64,-987361,-1415.9952495922134,nan,-,-,-,-,-
42,1.68,-987153,-940.890975809562,nan,-,-,-,-,-
43,1.72,-982887,-858.4145498684957,nan,-,-,-,-,-
44,1.76,-973490,-1184.9045827539303,nan,-,-,-,-,-
45,1.8,-968502,-1343.186025970812,nan,-,-,-,-,-
46,1.84,-968529,-1105.5654468386347,nan,-,-,-,-,-
47,1.88,-971195,-568.463365072248,nan,-,-,-,-,-
48,1.92,-974402,40.76999926672988,nan,-,-,-,-,-
49,1.96,-978134,596.9381579355195,nan,-,-,-,-,-
50,2.0,-976362,906.1123356101216,nan,-,-,-,-,-
51,2.04,-976643,1302.881545047902,nan,-,-,-,-,-
52,2.08,-978657,1825.0375686319394,nan,-,-,-,-,-
53,2.12,-981561,2279.609821021215,nan,-,-,-,-,-
54,2.16,-982223,2189.797800281316,nan,-,-,-,-,-
55,2.2,-983462,1380.4512484140332,nan,-,-,-,-,-
56,2.24,-985007,67.00349313465176,nan,-,-,-,-,-
57,2.28,-986291,-1116.6314499937257,nan,-,-,-,-,-
58,2.32,-987002,-1630.5604712528661,nan,-,-,-,-,-
59,2.36,-987728,-1439.328839930597,nan,-,-,-,-,-
60,2.4,-987094,-1022.2624995708074,nan,-,-,-,-,-
61,2.44,-985193,-824.8347785506066,nan,-,-,-,-,-
62,2.48,-973083,-1220.4538266373384,nan,-,-,-,-,-
63,2.52,-967126,-1427.7814836023135,nan,-,-,-,-,-
64,2.56,-966979,-1214.0633620968047,nan,-,-,-,-,-
65,2.6,-970093,-680.3842448305554,nan,-,-,-,-,-
66,2.64,-974072,-73.52876567304065,nan,-,-,-,-,-
67,2.68,-976983,445.8292090096911,nan,-,-,-,-,-
68,2.72,-977092,846.381874446558,nan,-,-,-,-,-
69,2.76,-976657,1275.647860933706,nan,-,-,-,-,-
70,2.8,-978276,1850.3080425584267,nan,-,-,-,-,-
71,2.84,-980099,2364.6907410048825,nan,-,-,-,-,-
72,2.88,-984051,2487.565145411416,nan,-,-,-,-,-
73,2.92,-984673,1680.9026870222087,nan,-,-,-,-,-
74,2.96,-984969,198.00095208037783,nan,-,-,-,-,-
75,3.0,-986343,-1187.5967152921057,64,64.0,-,-,-,-
76,3.04,-988406,-1795.1609153085797,64,-,-,-,-,-
77,3.08,-987216,-1674.6201985422806,64,-,-,-,-,-
78,3.12,-986062,-1197.7152752157199,64,-,-,-,-,-
79,3.16,-974906,-1200.8761067911582,64,-,-,-,-,-
80,3.2,-967225,-1392.3439212735811,64,-,-,-,-,-
81,3.24,-967958,-1377.5016164562803,64,-,-,-,-,-
82,3.28,-970021,-1085.4076331896017,64,-,-,-,-,-
83,3.32,-973473,-458.05868217415264,64,-,-,-,-,-
84,3.36,-975726,215.88499278885502,64,-,-,-,-,-
85,3.4,-976473,731.9644501988605,64,-,-,-,-,-
86,3.44,-975746,1136.5756453349304,64,-,-,-,-,-
87,3.48,-977814,1726.8877951227942,64,-,-,-,-,-
88,3.52,-979623,2331.8359722124405,64,-,-,-,-,-
89,3.56,-982108,2549.0989340967108,64,-,-,-,-,-
90,3.6,-983502,1891.8369534032277,64,-,-,-,-,-
91,3.64,-985864,542.5418232880902,64,-,-,-,-,-
92,3.68,-986352,-870.910466234978,64,-,-,-,-,-
93,3.72,-986810,-1587.5157115981374,64,-,-,-,-,-
94,3.76,-988269,-1485.4068351865599,64,-,-,-,-,-
95,3.8,-986789,-1137.4779784309267,64,-,-,-,-,-
96,3.84,-986748,-872.118113840058,64,-,-,-,-,-
97,3.88,-978668,-1121.0292483442108,64,-,-,-,-,-
98,3.92,-969572,-1467.4327646962029,64,-,-,-,-,-
99,3.96,-966973,-1425.90812460688,64,-,-,-,-,-
100,4.0,-969279,-973.2146647297759,64,-,-,-,-,-
101,4.04,-972039,-348.8893349708783,64,-,-,-,-,-
102,4.08,-974265,272.08301455124956,64,-,-,-,-,-
103,4.12,-975920,802.2705799170881,64,-,-,-,-,-
104,4.16,-974366,1172.4821222505175,64,-,-,-,-,-
105,4.2,-976726,1690.3875786702138,64,-,-,-,-,-
106,4.24,-979200,2220.111509179089,64,-,-,-,-,-
107,4.28,-980886,2470.486585537549,64,-,-,-,-,-
108,4.32,-983782,2112.8668486224215,64,-,-,-,-,-
109,4.36,-985108,964.0604288617983,64,-,-,-,-,-
110,4.4,-985405,-473.7922686788395,64,-,-,-,-,-
111,4.44,-986435,-1423.245541766328,64,-,-,-,-,-
112,4.48,-985748,-1649.9693525088005,64,-,-,-,-,-
113,4.52,-986451,-1341.3043416654737,64,-,-,-,-,-
114,4.56,-986447,-1057.1579393902584,64,-,-,-,-,-
115,4.6,-982416,-1137.2986255184023,64,-,-,-,-,-
116,4.64,-971478,-1538.4457837921145,64,-,-,-,-,-
117,4.68,-967621,-1548.2175416638183,64,-,-,-,-,-
118,4.72,-967451,-1161.186068931619,64,-,-,-,-,-
119,4.76,-971123,-461.25642484156833,64,-,-,-,-,-
120,4.8,-974774,254.10068535610662,64,-,-,-,-,-
121,4.84,-976146,777.7422199142684,64,-,-,-,-,-
122,4.88,-975648,1103.4568312663932,64,-,-,-,-,-
123,4.92,-16776573,498203.445183659,64,-,-,-,-,-
124,4.96,-16775362,457915.6038948633,64,-,-,-,-,-
125,5.0,-16775370,370038.0357708414,64,-,-,-,-,-
126,5.04,-16775374,229480.31839314263,64,-,-,-,-,-
127,5.08,-16775438,48367.88352949382,64,-,-,-,-,-
128,5.12,-16775352,-144449.62298460817,64,-,-,-,-,-
129,5.16,-16775401,-344095.9606705094,64,-,-,-,-,-
130,5.2,-16775391,-617218.9281840436,64,-,-,-,-,-
131,5.24,-16775343,-1043970.2975921473,64,-,-,-,-,-
132,5.28,-16775478,-1513816.2643893696,64,-,-,-,-,-
133,5.32,-16775368,-1630568.0456163492,64,-,-,-,-,-
134,5.36,-16775380,-1062333.3152692318,64,-,-,-,-,-
135,5.4,-16775296,-37198.90830807341,64,-,-,-,-,-
136,5.44,-16775402,795005.1863696428,64,-,-,-,-,-
137,5.48,-16775373,1057406.3953134937,64,-,-,-,-,-
138,5.52,-16775425,927686.9728446746,64,-,-,-,-,-
139,5.56,-16775351,748314.7985851341,64,-,-,-,-,-
140,5.6,-16775734,653520.0165526145,64,-,-,-,-,-
141,5.64,-16775652,593157.0323406806,64,-,-,-,-,-
142,5.68,-16775656,506978.3251008168,64,-,-,-,-,-
143,5.72,-16775585,393945.09184965934,64,-,-,-,-,-
144,5.76,-16775410,280170.23584222444,64,-,-,-,-,-
145,5.8,-16775430,180973.92208243953,64,-,-,-,-,-
146,5.84,-16775302,96442.49874821096,64,-,-,-,-,-
147,5.88,-16775346,23199.294716550736,64,-,-,-,-,-
148,5.92,-16775335,-39047.40206935315,64,-,-,-,-,-
149,5.96,-16775311,-88766.50680141384,64,-,-,-,-,-
151,6.04,-16775386,-149752.83354764985,nan,-,-,-,-,-
152,6.08,-16775418,-163516.70350270584,nan,-,-,-,-,-
153,6.12,-16775426,-168221.329887007,nan,-,-,-,-,-
154,6.16,-16775347,-165333.36672337132,nan,-,-,-,-,-
155,6.2,-16776045,-156303.18394714818,nan,-,-,-,-,-
156,6.24,-16776167,-142677.59740596643,nan,-,-,-,-,-
157,6.28,-1280797,-613065.5543781258,nan,-,-,-,-,-
158,6.32,-15255921,-115155.19891454489,nan,-,-,-,-,-
159,6.36,-16776761,2683.0339823151007,nan,-,-,-,-,-
160,6.4,-16775954,77750.33066423377,nan,-,-,-,-,-
161,6.44,-16773883,140116.57056242996,nan,-,-,-,-,-
162,6.48,-16773472,171792.50279709185,nan,-,-,-,-,-
163,6.52,-16774688,194811.10579653934,nan,-,-,-,-,-
164,6.56,-16774897,281166.7808051134,nan,-,-,-,-,-
165,6.6,-16775215,450302.19608091837,nan,-,-,-,-,-
166,6.64,-16775394,516034.2203716265,nan,-,-,-,-,-
167,6.68,-16775385,179959.8064676146,nan,-,-,-,-,-
168,6.72,-16776647,-521798.26526230865,nan,-,-,-,-,-
169,6.76,-713,-1560960.4963336512,nan,-,-,-,-,-
170,6.8,-16777136,-844241.1819798616,nan,-,-,-,-,-
171,6.84,-16775908,-216818.10375944525,nan,-,-,-,-,-
172,6.88,-16773918,276388.26273187716,nan,-,-,-,-,-
173,6.92,-16773856,402645.58849845524,nan,-,-,-,-,-
174,6.96,-16774027,333502.7010009885,nan,-,-,-,-,-
175,7.0,-16773807,296019.63062586397,nan,-,-,-,-,-
176,7.04,-16774865,393811.8302756342,nan,-,-,-,-,-
177,7.08,-16775290,583455.3957115842,nan,-,-,-,-,-
178,7.12,-16775280,629838.4685337853,nan,-,-,-,-,-
179,7.16,-16775407,237868.7601698574,nan,-,-,-,-,-
180,7.2,-16775333,-507783.6407515326,nan,-,-,-,-,-
181,7.24,-16775371,-1007500.2500066827,nan,-,-,-,-,-
182,7.28,-16775390,-816260.6205595064,nan,-,-,-,-,-
183,7.32,-16775314,-226034.76192197675,nan,-,-,-,-,-
184,7.36,-16775318,175213.6213230628,nan,-,-,-,-,-
185,7.4,-16775399,214125.90647932782,nan,-,-,-,-,-
186,7.44,-16776590,112566.26087375672,nan,-,-,-,-,-
187,7.48,-427,-461354.7947011441,nan,-,-,-,-,-
188,7.52,-16776829,128515.932013907,nan,-,-,-,-,-
189,7.56,-16775643,201087.4891106896,nan,-,-,-,-,-
190,7.6,-16775393,252597.81306316005,nan,-,-,-,-,-
191,7.64,-16764094,275884.96330425865,nan,-,-,-,-,-
192,7.68,-16775482,270832.1729805595,nan,-,-,-,-,-
193,7.72,-16775869,265813.4557324962,nan,-,-,-,-,-
194,7.76,-16775486,333377.0095701749,nan,-,-,-,-,-
195,7.8,-16775415,485098.1395856838,nan,-,-,-,-,-
196,7.84,-16775561,518871.73482440744,nan,-,-,-,-,-
197,7.88,-16775397,134136.4856786491,nan,-,-,-,-,-
198,7.92,-16775443,-602269.1086511284,nan,-,-,-,-,-
199,7.96,-16775515,-1094564.2622817243,nan,-,-,-,-,-
200,8.0,-16775486,-895363.12241089,nan,-,-,-,-,-
201,8.04,-16775412,-294846.7261725506,nan,-,-,-,-,-
202,8.08,-16775360,118212.46187181026,nan,-,-,-,-,-
203,8.12,-16775470,169153.18950535025,nan,-,-,-,-,-
204,8.16,-16775449,79198.33548014774,nan,-,-,-,-,-
205,8.2,-16775498,43630.57304496461,nan,-,-,-,-,-
206,8.24,-16775538,72608.99756500099,nan,-,-,-,-,-
207,8.28,-16775689,102953.24121248268,nan,-,-,-,-,-
208,8.32,-36,-421613.6447731182,nan,-,-,-,-,-
209,8.36,-16776156,135832.0068304371,nan,-,-,-,-,-
210,8.4,-16776928,173247.16139633115,nan,-,-,-,-,-
211,8.44,-16775845,219096.3409146266,nan,-,-,-,-,-
212,8.48,-16775796,251913.35000054538,nan,-,-,-,-,-
213,8.52,-16774162,252457.5709049711,nan,-,-,-,-,-
214,8.56,-16773777,247787.44892686058,nan,-,-,-,-,-
215,8.6,-16774916,315259.47241029976,nan,-,-,-,-,-
216,8.64,-16774982,469123.4227866234,nan,-,-,-,-,-
217,8.68,-16775287,506424.97147973604,nan,-,-,-,-,-
218,8.72,-16775263,123816.24262909446,nan,-,-,-,-,-
219,8.76,-16775428,-609878.719671353,nan,-,-,-,-,-
220,8.8,-16775404,-1099732.3536145259,nan,-,-,-,-,-
221,8.84,-16775433,-898014.8377423781,nan,-,-,-,-,-
222,8.88,-16775374,-294933.89319672727,nan,-,-,-,-,-
223,8.92,-16775414,120402.7911008512,nan,-,-,-,-,-
224,8.96,-16775446,172859.86629434722,nan,-,-,-,-,-
226,9.04,-16776149,48136.01756262989,nan,-,-,-,-,-
227,9.08,-16775620,77250.36987096502,nan,-,-,-,-,-
228,9.12,-16775554,107785.12492205822,nan,-,-,-,-,-
229,9.16,-16775159,110631.30424759998,nan,-,-,-,-,-
230,9.2,-16775138,97168.08926926131,nan,-,-,-,-,-
231,9.24,-16775240,82358.91389104717,nan,-,-,-,-,-
232,9.28,-16775485,73353.92242918121,nan,-,-,-,-,-
233,9.32,-16775456,63539.81371841546,nan,-,-,-,-,-
234,9.36,-16775526,51740.74878569752,nan,-,-,-,-,-
235,9.4,-16775521,39040.80030651388,nan,-,-,-,-,-
236,9.44,-16775476,27097.02606410891,nan,-,-,-,-,-
237,9.48,-16775556,16632.914512391493,nan,-,-,-,-,-
238,9.52,-16775568,7595.040211361629,nan,-,-,-,-,-
239,9.56,-16775328,-142.522117584027,nan,-,-,-,-,-
240,9.6,-16775429,-6502.397679524263,nan,-,-,-,-,-
241,9.64,-16775267,-11407.766675990657,nan,-,-,-,-,-
242,9.68,-16775553,-14850.630516653328,nan,-,-,-,-,-
243,9.72,-16775477,-18306.972609122306,nan,-,-,-,-,-
244,9.76,-16775547,-18096.878876334034,nan,-,-,-,-,-
245,9.8,-16775540,-18254.06055246754,nan,-,-,-,-,-
246,9.84,-16775550,-17662.512978391944,nan,-,-,-,-,-
247,9.88,-16775535,-16538.68459165188,nan,-,-,-,-,-
248,9.92,-16775473,-15031.38299766809,nan,-,-,-,-,-
249,9.96,-16775572,-13185.4649462054,nan,-,-,-,-,-
250,10.0,-16775529,-11071.067368922775,nan,-,-,-,-,-
251,10.04,-16775510,-8846.849456894139,nan,-,-,-,-,-
252,10.08,-16775473,-6698.155100534572,nan,-,-,-,-,-
253,10.12,-16775461,-4717.555848490792,nan,-,-,-,-,-
254,10.16,-16775439,-2923.746670699893,nan,-,-,-,-,-
255,10.2,-16775471,-1327.2997483386025,nan,-,-,-,-,-
256,10.24,-16775493,42.6448338270493,nan,-,-,-,-,-
257,10.28,-16775531,1166.4462391201287,nan,-,-,-,-,-
258,10.32,-16775499,2041.014081784926,nan,-,-,-,-,-
259,10.36,-16775468,2685.377852916052,nan,-,-,-,-,-
260,10.4,-16775451,3124.19934775776,nan,-,-,-,-,-
261,10.44,-16775608,2063.921156400742,nan,-,-,-,-,-
262,10.48,-16775643,3353.9092594386902,nan,-,-,-,-,-
263,10.52,-16776001,3192.620656512301,nan,-,-,-,-,-
264,10.56,-16775848,2911.1103609705824,nan,-,-,-,-,-
265,10.6,-16775784,2574.852550484549,nan,-,-,-,-,-
266,10.64,-16775475,2209.7974094632464,nan,-,-,-,-,-
267,10.68,-16775310,1816.0426788654077,nan,-,-,-,-,-
268,10.72,-16775238,1356.404647982808,nan,-,-,-,-,-
269,10.76,-16775506,859.684130767816,nan,-,-,-,-,-
270,10.8,-16775598,421.99846882684506,nan,-,-,-,-,-
271,10.84,-16775643,141.78336359461537,nan,-,-,-,-,-
272,10.88,-16775579,-15.589360230620514,nan,-,-,-,-,-
273,10.92,-16775600,-131.32954344395785,nan,-,-,-,-,-
274,10.96,-16775794,-233.392347394647,nan,-,-,-,-,-
275,11.0,-16775830,-312.7329817446539,nan,-,-,-,-,-
276,11.04,-16775685,-362.6903273511248,nan,-,-,-,-,-
277,11.08,-16775660,-386.91931178368463,nan,-,-,-,-,-
278,11.12,-16775442,-399.02821597690377,nan,-,-,-,-,-
279,11.16,-16775323,-372.44432414599146,nan,-,-,-,-,-
280,11.2,-16775456,-285.58405913253716,nan,-,-,-,-,-
281,11.24,-16775571,-155.23846532643597,nan,-,-,-,-,-
282,11.28,-16775585,-1334.570428699808,nan,-,-,-,-,-
283,11.32,-16775659,-2.060803783958818,nan,-,-,-,-,-
284,11.36,-16775623,-0.6264283931663996,nan,-,-,-,-,-
285,11.4,-16775643,9.769337805561882,nan,-,-,-,-,-
286,11.44,-16775598,27.543569326877495,nan,-,-,-,-,-
287,11.48,-16775677,44.3293315374948,nan,-,-,-,-,-
288,11.52,-16775540,34.93812360407576,nan,-,-,-,-,-
289,11.56,-16775489,8.720091146578014,nan,-,-,-,-,-
290,11.6,-16775638,-16.639478737176667,nan,-,-,-,-,-
291,11.64,-16775368,-42.60814736945849,nan,-,-,-,-,-
292,11.68,-16775511,-34.5357986458682,nan,-,-,-,-,-
293,11.72,-16775536,-17.196771217750253,nan,-,-,-,-,-
294,11.76,-16775500,-2.3500087538163097,nan,-,-,-,-,-
295,11.8,-16775544,7.820168758095313,nan,-,-,-,-,-
296,11.84,-16775614,13.326484245290985,nan,-,-,-,-,-
297,11.88,-16775711,18.166050301688614,nan,-,-,-,-,-
298,11.92,-16775699,18.689772843976485,nan,-,-,-,-,-
299,11.96,-16775787,19.383170906384805,nan,-,-,-,-,-
301,12.04,-16775401,-7.326635087947324,nan,-,-,-,-,-
302,12.08,-16775484,-12.839770697751234,nan,-,-,-,-,-
303,12.12,-16775545,-17.071662544155302,nan,-,-,-,-,-
304,12.16,-16775497,-20.97759514120829,nan,-,-,-,-,-
305,12.2,-16775540,-18.872620797803602,nan,-,-,-,-,-
306,12.24,-16775300,-23.83692647138554,nan,-,-,-,-,-
307,12.28,-16775354,-14.641340843685981,nan,-,-,-,-,-
308,12.32,-16775454,4.167052984968713,nan,-,-,-,-,-
309,12.36,-16775419,23.37180601811071,nan,-,-,-,-,-
310,12.4,-16775552,41.18394602717382,nan,-,-,-,-,-
311,12.44,-16775446,33.80399770015749,nan,-,-,-,-,-
312,12.48,-16775646,21.325072075610535,nan,-,-,-,-,-
313,12.52,-16775616,2.93003048199337,nan,-,-,-,-,-
314,12.56,-16775441,-5.514101506292704,nan,-,-,-,-,-
315,12.6,-16775510,3.8555351209190647,nan,-,-,-,-,-
316,12.64,-16775507,5.678036128134444,nan,-,-,-,-,-
317,12.68,-16775554,-3.6756202966211884,nan,-,-,-,-,-
318,12.72,-16775683,-15.417525635027104,nan,-,-,-,-,-
319,12.76,-16775580,-27.20106977842436,nan,-,-,-,-,-
320,12.8,-16775386,-30.91510456039248,nan,-,-,-,-,-
321,12.84,-16775382,-22.646278472942413,nan,-,-,-,-,-
322,12.88,-16775380,-12.452597419409074,nan,-,-,-,-,-
323,12.92,-16775561,4.680235972633469,nan,-,-,-,-,-
324,12.96,-16775552,12.876241518886204,nan,-,-,-,-,-
325,13.0,-16775647,15.273303005681214,nan,-,-,-,-,-
326,13.04,-16775613,5.525002590871601,nan,-,-,-,-,-
327,13.08,-16775570,-1.724726239929483,nan,-,-,-,-,-
328,13.12,-16775652,6.6989850419344386,nan,-,-,-,-,-
329,13.16,-16775586,17.87312164084675,nan,-,-,-,-,-
330,13.2,-16775545,22.5640650808448,nan,-,-,-,-,-
331,13.24,-16775448,7.75386945364923,nan,-,-,-,-,-
332,13.28,-16775480,-14.127893435453828,nan,-,-,-,-,-
333,13.32,-16775538,-28.53187864992347,nan,-,-,-,-,-
334,13.36,-16775487,-28.602465551805523,nan,-,-,-,-,-
335,13.4,-16775553,-11.632542912471905,nan,-,-,-,-,-
336,13.44,-16775561,4.183653411115159,nan,-,-,-,-,-
337,13.48,-16775529,11.605238416171721,nan,-,-,-,-,-
338,13.52,-16775626,17.21519769787082,nan,-,-,-,-,-
339,13.56,-16775603,17.679032423390375,nan,-,-,-,-,-
340,13.6,-16775489,14.291490603470137,nan,-,-,-,-,-
341,13.64,-16775445,8.47864493340532,nan,-,-,-,-,-
342,13.68,-16775483,0.007535816694730357,nan,-,-,-,-,-
343,13.72,-16775533,-7.6982942198012125,nan,-,-,-,-,-
344,13.76,-16775546,-10.687188350914148,nan,-,-,-,-,-
345,13.8,-16775565,-8.143968009528528,nan,-,-,-,-,-
346,13.84,-16775567,-4.9127333587128845,nan,-,-,-,-,-
347,13.88,-16775574,-2.015519494774857,nan,-,-,-,-,-
348,13.92,-16775490,-0.8304525327262979,nan,-,-,-,-,-
349,13.96,-16775547,6.980678497648536,nan,-,-,-,-,-
350,14.0,-16775510,10.012356898459522,nan,-,-,-,-,-
351,14.04,-16775537,7.6014452752689845,nan,-,-,-,-,-
352,14.08,-16775527,-2.9730396847908978,nan,-,-,-,-,-
353,14.12,-16775509,-12.541190024367719,nan,-,-,-,-,-
354,14.16,-16775607,-10.21511002861763,nan,-,-,-,-,-
355,14.2,-16775566,-5.3599180920600045,nan,-,-,-,-,-
356,14.24,-16775592,2.815980484556384,nan,-,-,-,-,-
357,14.28,-16775523,4.876135470767544,nan,-,-,-,-,-
358,14.32,-16775571,6.49928232003088,nan,-,-,-,-,-
359,14.36,-16775565,3.291306991300025,nan,-,-,-,-,-
360,14.4,-16775489,-2.780985932327809,nan,-,-,-,-,-
361,14.44,-16775569,-2.416526861091606,nan,-,-,-,-,-
362,14.48,-16775548,-4.059557166757472,nan,-,-,-,-,-
363,14.52,-16775584,-3.5813459044577165,nan,-,-,-,-,-
364,14.56,-16775499,-5.907103737304688,nan,-,-,-,-,-
365,14.6,-16775598,0.18256389176712418,nan,-,-,-,-,-
366,14.64,-16775565,3.594524869210285,nan,-,-,-,-,-
367,14.68,-16775489,3.952208419274278,nan,-,-,-,-,-
368,14.72,-16775549,5.523842228996097,nan,-,-,-,-,-
369,14.76,-16775555,3.6417790755210984,nan,-,-,-,-,-
370,14.8,-16775519,0.2631226526443875,nan,-,-,-,-,-
371,14.84,-16775568,-0.11316009111615699,nan,-,-,-,-,-
372,14.88,-16775537,-2.054861253896663,nan,-,-,-,-,-
373,14.92,-16775583,0.19156278669050053,nan,-,-,-,-,-
374,14.96,-16775522,-0.26704063801398803,nan,-,-,-,-,-
376,15.04,-16775480,-0.14002347617523014,nan,-,-,-,-,Minimo
377,15.08,-16775490,0.15033622251511503,nan,-,-,-,-,Minimo
378,15.12,-16775418,-3.4610094270022955,nan,-,-,-,-,Minimo
379,15.16,-16775441,-4.417936299260029,nan,-,-,-,-,Minimo
380,15.2,-16775519,-2.0870909296199756,nan,-,-,-,-,Minimo
381,15.24,-16775477,-1.8151271006244087,nan,-,-,-,-,Minimo
382,15.28,-16775529,2.1087087336959556,nan,-,-,-,-,Minimo
383,15.32,-16775526,4.3766613495262945,nan,-,-,-,-,Minimo
384,15.36,-16775544,7.409937297179731,nan,-,-,-,-,Minimo
385,15.4,-16775570,10.193664637786995,nan,-,-,-,-,Minimo
386,15.44,-16775547,9.721246796720687,nan,-,-,-,-,Minimo
387,15.48,-16775579,7.845201092236273,nan,-,-,-,-,Minimo
388,15.52,-16776454,28.76298571060397,nan,-,-,-,-,Minimo
389,15.56,-346446,-516552.08372517116,nan,-,-,-,-,Minimo
390,15.6,-339739,-474525.72212058306,nan,-,-,-,-,Minimo
391,15.64,-289280,-384373.2738246671,nan,-,-,-,-,Minimo
392,15.68,-273819,-238643.2965041699,nan,-,-,-,-,Minimo
393,15.72,-275855,-50753.639437914826,nan,-,-,-,-,Minimo
394,15.76,-312913,150102.29113146523,nan,-,-,-,-,Minimo
395,15.8,-313149,357208.2377006202,nan,-,-,-,-,Minimo
396,15.84,-328132,641942.8131709159,nan,-,-,-,-,Minimo
397,15.88,-329167,1086641.8113697455,nan,-,-,-,-,Minimo
398,15.92,-330250,1576596.4119758918,nan,-,-,-,-,Minimo
399,15.96,-329723,1699671.6092893565,nan,-,-,-,-,Minimo
400,16.0,-333506,1110400.8542642184,nan,-,-,-,-,Minimo
401,16.04,-336030,44209.30604214594,nan,-,-,-,-,Minimo
402,16.08,-360362,-823843.58066362,nan,-,-,-,-,Minimo
403,16.12,-358047,-1102464.8760333708,nan,-,-,-,-,Minimo
404,16.16,-159936,-978367.6569430003,nan,-,-,-,-,Minimo
405,16.2,-270096,-788723.7915655458,nan,-,-,-,-,Minimo
406,16.24,-320706,-685429.4805992127,nan,-,-,-,-,Minimo
407,16.28,-260993,-620614.5712444776,nan,-,-,-,-,Minimo
408,16.32,-288062,-527276.1952655734,nan,-,-,-,-,Minimo
409,16.36,-292322,-408312.74046270456,nan,-,-,-,-,Minimo
410,16.4,-307031,-289015.78924723365,nan,-,-,-,-,Minimo
411,16.44,-305072,-184496.9801772663,nan,-,-,-,-,Minimo
412,16.48,-329932,-92315.36330552585,nan,-,-,-,-,Minimo
413,16.52,-329060,-12573.289349743398,nan,-,-,-,-,Minimo
414,16.56,-329223,51056.801459412556,nan,-,-,-,-,Minimo
415,16.6,-330592,95180.69756834651,nan,-,-,-,-,Minimo
416,16.64,-329464,124609.44410432503,nan,-,-,-,-,Minimo
417,16.68,-346206,147651.31976508698,nan,-,-,-,-,Minimo
418,16.72,-344618,164137.827872812,nan,-,-,-,-,Minimo
419,16.76,-427376,173657.17930359836,nan,-,-,-,-,Minimo
420,16.8,-396266,169300.29425802027,nan,-,-,-,-,Minimo
421,16.84,-284623,155599.0824233249,nan,-,-,-,-,Minimo
422,16.88,-677547,154373.794226619,nan,-,-,-,-,Minimo
423,16.92,-445242,130435.6172540129,nan,-,-,-,-,Minimo
424,16.96,-502400,113354.04264348473,nan,-,-,-,-,Minimo
425,17.0,-398778,88984.59220502012,nan,-,-,-,-,Minimo
426,17.04,-384986,66255.35256349012,nan,-,-,-,-,Minimo
427,17.08,-454789,46846.61289452511,nan,-,-,-,-,Minimo
428,17.12,-230830,21000.100319549412,nan,-,-,-,-,Minimo
429,17.16,-248418,7078.304108488403,nan,-,-,-,-,Minimo
430,17.2,-291437,-3138.949838120927,nan,-,-,-,-,Minimo
431,17.24,-282522,-13340.690269105107,nan,-,-,-,-,Minimo
432,17.28,-280044,-18428.57830112471,nan,-,-,-,-,Minimo
433,17.32,-15548,-22613.62846780382,nan,-,-,-,-,Minimo
434,17.36,-35765,-11868.870156780293,nan,-,-,-,-,Minimo
435,17.4,-64299,-4625.18941581907,nan,-,-,-,-,Minimo
436,17.44,-42686,-5885.541374755645,nan,-,-,-,-,Minimo
437,17.48,-32397,-8384.01456203575,nan,-,-,-,-,Minimo
438,17.52,-224717,-3160.96361960005,nan,-,-,-,-,Minimo
439,17.56,-214589,-6159.175884554774,nan,-,-,-,-,Minimo
440,17.6,-263828,-8776.776394777058,nan,-,-,-,-,Minimo
441,17.64,-239405,-9071.92962658967,nan,-,-,-,-,Minimo
442,17.68,-387755,2416.6845741766883,nan,-,-,-,-,Minimo
443,17.72,-392939,6407.572388928318,nan,-,-,-,-,Minimo
444,17.76,-282694,-5311.317257505871,nan,-,-,-,-,Minimo
445,17.8,-281449,-22418.629852393948,nan,-,-,-,-,Minimo
446,17.84,-411845,-33199.487994831885,nan,-,-,-,-,Minimo
447,17.88,-517591,-36246.196273754394,nan,-,-,-,-,Minimo
448,17.92,-531849,-34190.226248268315,nan,-,-,-,-,Minimo
449,17.96,-544144,-26581.954534754273,nan,-,-,-,-,Minimo
451,18.04,-308388,-16086.647769217467,nan,-,-,-,-,Minimo
452,18.08,-510068,-2138.260639009857,nan,-,-,-,-,Minimo
453,18.12,-550651,7625.244589274909,nan,-,-,-,-,Minimo
454,18.16,-550355,13934.866487462155,nan,-,-,-,-,Minimo
455,18.2,-545374,11567.342422495658,nan,-,-,-,-,Minimo
456,18.24,-519254,2163.1254747794737,nan,-,-,-,-,Minimo
457,18.28,-513944,-316.71776859034435,nan,-,-,-,-,Minimo
458,18.32,-222079,2303.693794797029,nan,-,-,-,-,Minimo
459,18.36,-342273,23447.79701911396,nan,-,-,-,-,Minimo
460,18.4,-370989,28689.98523978194,nan,-,-,-,-,Minimo
461,18.44,-536618,18445.334369538177,nan,-,-,-,-,Minimo
462,18.48,-535934,-2651.344447035197,nan,-,-,-,-,Minimo
463,18.52,-527427,-10415.521370066774,nan,-,-,-,-,Minimo
464,18.56,-495547,811.1320441509924,nan,-,-,-,-,Minimo
465,18.6,-481220,17576.83750276346,nan,-,-,-,-,Minimo
466,18.64,-439815,26194.645164036618,nan,-,-,-,-,Minimo
467,18.68,-436777,25887.552319885857,nan,-,-,-,-,Minimo
468,18.72,-550822,18997.213702472567,nan,-,-,-,-,Minimo
469,18.76,-548061,-995.4506407400258,nan,-,-,-,-,Minimo
470,18.8,-547048,-21594.317366838368,nan,-,-,-,-,Minimo
471,18.84,-549665,-29378.123012521137,nan,-,-,-,-,Minimo
472,18.88,-545349,-20404.873422894012,nan,-,-,-,-,Minimo
473,18.92,-544926,-3968.972477336156,nan,-,-,-,-,Minimo
474,18.96,-548229,6998.281844788558,nan,-,-,-,-,Minimo
475,19.0,-536947,6884.084038701272,nan,-,-,-,-,Minimo
476,19.04,-533690,-340.09335087931686,nan,-,-,-,-,Minimo
477,19.08,-532214,-8818.112428273012,nan,-,-,-,-,Minimo
478,19.12,-534991,-13018.490317379657,nan,-,-,-,-,Minimo
479,19.16,-269460,-18741.29682357385,nan,-,-,-,-,Minimo
480,19.2,-474586,-4350.845533644022,nan,-,-,-,-,Minimo
481,19.24,-500178,3813.934807231213,nan,-,-,-,-,Minimo
482,19.28,-496339,7208.563268123173,nan,-,-,-,-,Minimo
483,19.32,-428104,5673.92718390815,nan,-,-,-,-,Minimo
484,19.36,-431462,5873.62786235633,nan,-,-,-,-,Minimo
485,19.4,-536936,9946.346684218326,nan,-,-,-,-,Minimo
486,19.44,-528365,11395.515529134704,nan,-,-,-,-,Minimo
487,19.48,-534442,14134.337345678869,nan,-,-,-,-,Minimo
488,19.52,-525888,14445.229567401828,nan,-,-,-,-,Minimo
489,19.56,-529222,8575.369179836665,nan,-,-,-,-,Minimo
490,19.6,-522983,-3760.103844542715,nan,-,-,-,-,Minimo
491,19.64,-526081,-13157.297350881345,nan,-,-,-,-,Minimo
492,19.68,-324843,-19164.77949609657,nan,-,-,-,-,Minimo
493,19.72,-392968,-11127.64159462144,nan,-,-,-,-,Minimo
494,19.76,-461269,-6970.463725513819,nan,-,-,-,-,Minimo
495,19.8,-376625,-11856.329342491474,nan,-,-,-,-,Minimo
496,19.84,-424437,-9369.374979924494,nan,-,-,-,-,Minimo
497,19.88,-519149,252.14155897230376,nan,-,-,-,-,Minimo
498,19.92,-520873,7941.381270079895,nan,-,-,-,-,Minimo
499,19.96,-532013,13026.336393315294,nan,-,-,-,-,Minimo
500,20.0,-524732,15378.423051680908,nan,-,-,-,-,Minimo
501,20.04,-529044,16670.67323709627,nan,-,-,-,-,Minimo
502,20.08,-528063,13440.270083275516,nan,-,-,-,-,Minimo
503,20.12,-524603,3866.541484897816,nan,-,-,-,-,Minimo
504,20.16,-527772,-7556.183154923467,nan,-,-,-,-,Minimo
505,20.2,-452472,-17307.333555928104,nan,-,-,-,-,Minimo
506,20.24,-461992,-18890.067377962718,nan,-,-,-,-,Minimo
507,20.28,-377128,-19898.065958455263,nan,-,-,-,-,Minimo
508,20.32,-458090,-12129.121535505092,nan,-,-,-,-,Minimo
509,20.36,-401975,-5912.02430207605,nan,-,-,-,-,Minimo
510,20.4,-407421,1767.1849343851936,nan,-,-,-,-,Minimo
511,20.44,-422389,6499.151073808598,nan,-,-,-,-,Minimo
512,20.48,-425373,8399.505021585166,nan,-,-,-,-,Minimo
513,20.52,-434145,10447.930906705256,nan,-,-,-,-,Minimo
514,20.56,-565796,17093.904863712596,nan,-,-,-,-,Minimo
515,20.6,-298184,9760.251570262437,nan,-,-,-,-,Minimo
516,20.64,-310324,8062.7003069141065,nan,-,-,-,-,Minimo
517,20.68,-26937,-6150.443535358907,nan,-,-,-,-,Minimo
518,20.72,-16775803,515610.7577645555,nan,-,-,-,-,Minimo
519,20.76,-16775575,471283.2912876969,nan,-,-,-,-,Minimo
520,20.8,-16775649,380064.0905778846,nan,-,-,-,-,Minimo
521,20.84,-16775528,234630.33243661225,nan,-,-,-,-,Minimo
522,20.88,-16775485,47498.06977042882,nan,-,-,-,-,Minimo
523,20.92,-16775468,-148264.13979457784,nan,-,-,-,-,Minimo
524,20.96,-16775517,-345657.91821000725,nan,-,-,-,-,Minimo
526,21.04,-16775571,-1063517.4692053082,nan,-,-,-,-,Minimo
527,21.08,-16775673,-1569540.498183488,nan,-,-,-,-,Minimo
528,21.12,-16775618,-1714679.6587531087,nan,-,-,-,-,Minimo
529,21.16,-16775640,-1135349.1589448322,nan,-,-,-,-,Minimo
530,21.2,-16775587,-62269.035690817516,nan,-,-,-,-,Minimo
531,21.24,-16775648,817703.5898156087,nan,-,-,-,-,Minimo
532,21.28,-16775643,1099348.9302242256,nan,-,-,-,-,Minimo
533,21.32,-16775564,965398.3612775502,nan,-,-,-,-,Minimo
534,21.36,-16775599,777477.9033270526,nan,-,-,-,-,Minimo
535,21.4,-16775603,678991.4518431771,nan,-,-,-,-,Minimo
536,21.44,-16775569,617560.7576921226,nan,-,-,-,-,Minimo
537,21.48,-16775518,529087.9222565473,nan,-,-,-,-,Minimo
538,21.52,-16775599,411992.4598145217,nan,-,-,-,-,Minimo
539,21.56,-16775653,293743.657607788,nan,-,-,-,-,Minimo
540,21.6,-16775612,190591.91907502734,nan,-,-,-,-,Minimo
541,21.64,-16775638,102697.9563955653,nan,-,-,-,-,Minimo
542,21.68,-16775549,26463.2733807147,nan,-,-,-,-,Minimo
543,21.72,-16775582,-38447.598616645206,nan,-,-,-,-,Minimo
544,21.76,-16775572,-90406.20308762533,nan,-,-,-,-,Minimo
545,21.8,-16775615,-128752.55319916911,nan,-,-,-,-,Minimo
546,21.84,-16775567,-154427.1179724158,nan,-,-,-,-,Minimo
547,21.88,-16775589,-169052.91455532028,nan,-,-,-,-,Minimo
548,21.92,-16775701,-174236.38112335087,nan,-,-,-,-,Minimo
549,21.96,-16775655,-171487.1892117326,nan,-,-,-,-,Minimo
550,22.0,-16775573,-162327.8225512317,nan,-,-,-,-,Minimo
551,22.04,-16775547,-148326.82058155822,nan,-,-,-,-,Minimo
552,22.08,-16775663,-130990.71063783334,nan,-,-,-,-,Minimo
553,22.12,-16775598,-111700.95167797348,nan,-,-,-,-,Minimo
554,22.16,-16775607,-91548.03545980644,nan,-,-,-,-,Minimo
555,22.2,-16775553,-71551.39174854907,nan,-,-,-,-,Minimo
556,22.24,-16775586,-52478.23429485003,nan,-,-,-,-,Minimo
557,22.28,-16775657,-34935.00732774302,nan,-,-,-,-,Minimo
558,22.32,-16775622,-19338.92353523613,nan,-,-,-,-,Minimo
559,22.36,-16775596,-5945.398185542377,nan,-,-,-,-,Minimo
560,22.4,-16775605,5104.086324908858,nan,-,-,-,-,Minimo
561,22.44,-16775583,13808.820380541118,nan,-,-,-,-,Minimo
562,22.48,-16775669,20265.985599722015,nan,-,-,-,-,Minimo
563,22.52,-16775659,24645.110219122493,nan,-,-,-,-,Minimo
564,22.56,-16775589,27167.121561015505,nan,-,-,-,-,Minimo
565,22.6,-16775614,28086.81493690677,nan,-,-,-,-,Minimo
566,22.64,-16775581,27650.48637797129,nan,-,-,-,-,Minimo
567,22.68,-16775490,26171.964087137618,nan,-,-,-,-,Minimo
568,22.72,-16775496,23905.053539907483,nan,-,-,-,-,Minimo
569,22.76,-16775598,21082.617627396365,nan,-,-,-,-,Minimo
570,22.8,-16775573,17934.716629872066,nan,-,-,-,-,Minimo
571,22.84,-16775578,14650.738760043769,nan,-,-,-,-,Minimo
572,22.88,-16775654,11389.325849441353,nan,-,-,-,-,Minimo
573,22.92,-16775539,8288.163459968971,nan,-,-,-,-,Minimo
574,22.96,-16775604,5453.944059571611,nan,-,-,-,-,Minimo
575,23.0,-16775655,2933.048964234731,nan,-,-,-,-,Minimo
576,23.04,-16775666,745.0096316403869,nan,-,-,-,-,Minimo
577,23.08,-16775616,-1073.842369389371,nan,-,-,-,-,Minimo
578,23.12,-16775631,-2443.9374933031686,nan,-,-,-,-,Minimo
579,23.16,-16775597,-3322.7519166626735,nan,-,-,-,-,Minimo
580,23.2,-16775620,-3757.5017550440753,nan,-,-,-,-,Minimo
581,23.24,-16775615,-3924.6675085981806,nan,-,-,-,-,Minimo
582,23.28,-16775625,-3925.604098366417,nan,-,-,-,-,Minimo
583,23.32,-16775585,-3810.749259631022,nan,-,-,-,-,Minimo
584,23.36,-16775650,-3551.120262033174,nan,-,-,-,-,Minimo
585,23.4,-16775671,-3179.605848087461,nan,-,-,-,-,Minimo
586,23.44,-16775616,-2753.6548187807903,nan,-,-,-,-,Minimo
587,23.48,-16775685,-2322.3535613875974,nan,-,-,-,-,Minimo
588,23.52,-16775606,-1928.9512338277673,nan,-,-,-,-,Minimo
589,23.56,-16775604,-1635.7391139726296,nan,-,-,-,-,Minimo
590,23.6,-16775692,-1410.0478826505114,nan,-,-,-,-,Minimo
591,23.64,-16775668,-1317.1841635204164,nan,-,-,-,-,Minimo
592,23.68,-16775699,1.0085741388298075,nan,-,-,-,-,Minimo
593,23.72,-317081,-517469.9493542686,nan,-,-,-,-,Minimo
594,23.76,-326070,-474867.2886010036,nan,-,-,-,-,Minimo
595,23.8,-324676,-383044.52982990677,nan,-,-,-,-,Minimo
596,23.84,-369003,-235385.27217652966,nan,-,-,-,-,Minimo
597,23.88,-372966,-47666.4385016514,nan,-,-,-,-,Minimo
598,23.92,-330761,150098.2320811618,nan,-,-,-,-,Minimo
599,23.96,-301601,355560.4746905877,nan,-,-,-,-,Minimo
601,24.04,-331066,1085074.769730499,nan,-,-,-,-,Minimo
602,24.08,-329532,1574995.026110068,nan,-,-,-,-,Minimo
603,24.12,-328156,1696717.4485911173,nan,-,-,-,-,Minimo
604,24.16,-328831,1104373.7063684086,nan,-,-,-,-,Minimo
605,24.2,-329166,36224.002329804236,nan,-,-,-,-,Minimo
606,24.24,-330025,-829243.7416935496,nan,-,-,-,-,Minimo
607,24.28,-327202,-1098915.3911673431,nan,-,-,-,-,Minimo
608,24.32,-241594,-962447.4722094099,nan,-,-,-,-,Minimo
609,24.36,-246976,-774668.4854445709,nan,-,-,-,-,Minimo
610,24.4,-273487,-678742.2639956326,nan,-,-,-,-,Minimo
611,24.44,-281175,-620347.9467647456,nan,-,-,-,-,Minimo
612,24.48,-320075,-530816.5002208654,nan,-,-,-,-,Minimo
613,24.52,-300917,-411464.79161600396,nan,-,-,-,-,Minimo
614,24.56,-281057,-290524.65666929027,nan,-,-,-,-,Minimo
615,24.6,-280542,-185257.4279176197,nan,-,-,-,-,Minimo
616,24.64,-325845,-94353.07664520456,nan,-,-,-,-,Minimo
617,24.68,-326357,-16774.672551279888,nan,-,-,-,-,Minimo
618,24.72,-325352,47282.93593097129,nan,-,-,-,-,Minimo
619,24.76,-325582,94396.08223396353,nan,-,-,-,-,Minimo
620,24.8,-314373,125360.30424358125,nan,-,-,-,-,Minimo
621,24.84,-313521,146617.89937436837,nan,-,-,-,-,Minimo
622,24.88,-327090,162567.67136108794,nan,-,-,-,-,Minimo
623,24.92,-327716,171643.125424176,nan,-,-,-,-,Minimo
624,24.96,-302429,170459.47932699433,nan,-,-,-,-,Minimo
625,25.0,-300878,160214.89322940685,nan,-,-,-,-,Minimo
626,25.04,-282689,143500.82126078577,nan,-,-,-,-,Minimo
627,25.08,-281847,126403.88454964299,nan,-,-,-,-,Minimo
628,25.12,-324136,111562.91734473952,nan,-,-,-,-,Minimo
629,25.16,-324791,94738.82200121877,nan,-,-,-,-,Minimo
630,25.2,-325232,75889.64602067764,nan,-,-,-,-,Minimo
631,25.24,-325427,56007.9824255491,nan,-,-,-,-,Minimo
632,25.28,-324803,37512.30586713832,nan,-,-,-,-,Minimo
633,25.32,-325509,22181.00897079322,nan,-,-,-,-,Minimo
634,25.36,-324722,9601.481635149714,nan,-,-,-,-,Minimo
635,25.4,-342059,-1269.1913040496584,nan,-,-,-,-,Minimo
636,25.44,-310082,-13565.883979909311,nan,-,-,-,-,Minimo
637,25.48,-324785,-23226.3486774005,nan,-,-,-,-,Minimo
638,25.52,-278232,-31478.785047253492,nan,-,-,-,-,Minimo
639,25.56,-277374,-33447.66034135919,nan,-,-,-,-,Minimo
640,25.6,-325239,-29995.82834494114,nan,-,-,-,-,Minimo
641,25.64,-325874,-26808.150508387414,nan,-,-,-,-,Minimo
642,25.68,-325271,-24217.538086114364,nan,-,-,-,-,Minimo
643,25.72,-324378,-22112.56709214121,nan,-,-,-,-,Minimo
644,25.76,-324846,-19456.58629686507,nan,-,-,-,-,Minimo
645,25.8,-323837,-15738.179371075019,nan,-,-,-,-,Minimo
646,25.84,-326398,-11219.284865375652,nan,-,-,-,-,Minimo
647,25.88,-324189,-7594.783768686233,nan,-,-,-,-,Minimo
648,25.92,-367710,-4776.163275460155,nan,-,-,-,-,Minimo
649,25.96,-367374,-5697.637556809113,nan,-,-,-,-,Minimo
650,26.0,-306548,-8704.181007199913,nan,-,-,-,-,Minimo
651,26.04,-281248,-8052.868930046025,nan,-,-,-,-,Minimo
652,26.08,-274895,-4123.8138673241265,nan,-,-,-,-,Minimo
653,26.12,-277635,298.9425299738796,nan,-,-,-,-,Minimo
654,26.16,-274258,2628.3186552580046,nan,-,-,-,-,Minimo
655,26.2,-274966,3186.102709329758,nan,-,-,-,-,Minimo
656,26.24,-326518,4545.099018842295,nan,-,-,-,-,Minimo
657,26.28,-324835,4537.752327641927,nan,-,-,-,-,Minimo
658,26.32,-325064,6182.273745766819,nan,-,-,-,-,Minimo
659,26.36,-323249,9638.989345300084,nan,-,-,-,-,Minimo
660,26.4,-325572,12833.243334118948,nan,-,-,-,-,Minimo
661,26.44,-324628,12080.235213616752,nan,-,-,-,-,Minimo
662,26.48,-325285,6875.899649478453,nan,-,-,-,-,Minimo
663,26.52,-376176,1812.926305925983,nan,-,-,-,-,Minimo
664,26.56,-316052,-5077.6283655685875,nan,-,-,-,-,Minimo
665,26.6,-329103,-7033.992786836886,nan,-,-,-,-,Minimo
666,26.64,-327830,-7151.855713406648,nan,-,-,-,-,Minimo
667,26.68,-274855,-8023.224445753913,nan,-,-,-,-,Minimo
668,26.72,-274441,-4591.003056971469,nan,-,-,-,-,Minimo
669,26.76,-273390,-1672.216570595905,nan,-,-,-,-,Minimo
670,26.8,-273673,-425.54969465164777,nan,-,-,-,-,Minimo
671,26.84,-321097,1110.7523264987976,nan,-,-,-,-,Minimo
672,26.88,-322935,1437.4730185256085,nan,-,-,-,-,Minimo
673,26.92,-324016,3074.1323423482754,nan,-,-,-,-,Minimo
674,26.96,-324571,5683.581638298219,nan,-,-,-,-,Minimo
676,27.04,-324823,7734.147874505086,nan,-,-,-,-,Minimo
677,27.08,-327835,5813.066739614689,nan,-,-,-,-,Minimo
678,27.12,-326623,1915.9239304081893,nan,-,-,-,-,Minimo
679,27.16,-276817,-4645.239666063266,nan,-,-,-,-,Minimo
680,27.2,-278304,-8766.612703301365,nan,-,-,-,-,Minimo
681,27.24,-272847,-10234.661783625183,nan,-,-,-,-,Minimo
682,27.28,-273108,-8247.710770527698,nan,-,-,-,-,Minimo
683,27.32,-272907,-4639.546780737556,nan,-,-,-,-,Minimo
684,27.36,-311552,-83.23292353336001,nan,-,-,-,-,Minimo
685,27.4,-311148,2589.0327371745807,nan,-,-,-,-,Minimo
686,27.44,-319546,5513.649962277326,nan,-,-,-,-,Minimo
687,27.48,-320013,7776.873033778998,nan,-,-,-,-,Minimo
688,27.52,-321373,8486.826959182412,nan,-,-,-,-,Minimo
689,27.56,-321768,7017.958634988998,nan,-,-,-,-,Minimo
690,27.6,-322101,3739.6608053911423,nan,-,-,-,-,Minimo
691,27.64,-322646,-410.68578465530436,nan,-,-,-,-,Minimo
692,27.68,-324236,-4161.952773938473,nan,-,-,-,-,Minimo
693,27.72,-323883,-6622.865742304165,nan,-,-,-,-,Minimo
694,27.76,-325086,-7171.287147254422,nan,-,-,-,-,Minimo
695,27.8,-322990,-5899.314029298454,nan,-,-,-,-,Minimo
696,27.84,-323096,-3361.5425611403443,nan,-,-,-,-,Minimo
697,27.88,-354551,10.447677451234995,nan,-,-,-,-,Minimo
698,27.92,-353211,1243.2308658088596,nan,-,-,-,-,Minimo
699,27.96,-348904,1396.7852003140088,nan,-,-,-,-,Minimo
700,28.0,-337048,875.1686611916393,nan,-,-,-,-,Minimo
701,28.04,-297392,-569.4860800371389,nan,-,-,-,-,Minimo
702,28.08,-297211,-605.8803420219992,nan,-,-,-,-,Minimo
703,28.12,-274607,-1199.2118366721734,nan,-,-,-,-,Minimo
704,28.16,-274923,-1040.6065314902207,nan,-,-,-,-,Minimo
705,28.2,-302156,-254.0671811630582,nan,-,-,-,-,Minimo
706,28.24,-303240,-438.9956124847704,nan,-,-,-,-,Minimo
707,28.28,-319482,544.4563061025983,nan,-,-,-,-,Minimo
708,28.32,-319530,2537.183447577205,nan,-,-,-,-,Minimo
709,28.36,-319065,5637.808774268029,nan,-,-,-,-,Minimo
710,28.4,-320714,8123.2090941771,nan,-,-,-,-,Minimo
711,28.44,-323878,8200.664106082728,nan,-,-,-,-,Minimo
712,28.48,-322588,5300.892439172524,nan,-,-,-,-,Minimo
713,28.52,-323027,757.6545752401207,nan,-,-,-,-,Minimo
714,28.56,-323155,-3728.5686209650526,nan,-,-,-,-,Minimo
715,28.6,-323152,-6595.742169410387,nan,-,-,-,-,Minimo
716,28.64,-352007,-6138.060255800407,nan,-,-,-,-,Minimo
717,28.68,-351604,-4648.149596597435,nan,-,-,-,-,Minimo
718,28.72,-352965,-2478.907725348927,nan,-,-,-,-,Minimo
719,28.76,-344374,-1239.4927706243907,nan,-,-,-,-,Minimo
720,28.8,-331208,-1089.4185033452777,nan,-,-,-,-,Minimo
721,28.84,-332466,-976.1860215659326,nan,-,-,-,-,Minimo
722,28.88,-333148,-880.5545061363664,nan,-,-,-,-,Minimo
723,28.92,-285549,-2313.3395687893208,nan,-,-,-,-,Minimo
724,28.96,-285296,-2465.6878346329504,nan,-,-,-,-,Minimo
725,29.0,-306717,-2033.8689652512112,nan,-,-,-,-,Minimo
726,29.04,-306563,-1613.5479828189664,nan,-,-,-,-,Minimo
727,29.08,-321739,692.8203127285378,nan,-,-,-,-,Minimo
728,29.12,-323548,3482.3364327765667,nan,-,-,-,-,Minimo
729,29.16,-341847,6209.43213302179,nan,-,-,-,-,Minimo
730,29.2,-363453,7454.0067065689145,nan,-,-,-,-,Minimo
731,29.24,-415578,8431.389137126702,nan,-,-,-,-,Minimo
732,29.28,-480221,9222.072995426352,nan,-,-,-,-,Minimo
733,29.32,-491305,7270.12656561406,nan,-,-,-,-,Minimo
734,29.36,-498108,3276.93554194257,nan,-,-,-,-,Minimo
735,29.4,-492066,-2337.0829417754376,nan,-,-,-,-,Minimo
736,29.44,-498381,-6554.36195279106,nan,-,-,-,-,Minimo
737,29.48,-439150,-10659.919180866986,nan,-,-,-,-,Minimo
738,29.52,-440409,-11628.793403532021,nan,-,-,-,-,Minimo
739,29.56,-332607,-16340.560984604148,nan,-,-,-,-,Minimo
740,29.6,-298673,-18684.076064622757,nan,-,-,-,-,Minimo
741,29.64,-361813,-15827.013122186392,nan,-,-,-,-,Minimo
742,29.68,-351600,-11138.796495061073,nan,-,-,-,-,Minimo
743,29.72,-322558,-3101.140430442637,nan,-,-,-,-,Minimo
744,29.76,-323377,6858.422711893533,nan,-,-,-,-,Minimo
745,29.8,-322447,14545.499954797204,nan,-,-,-,-,Minimo
746,29.84,-324020,19341.207674296606,nan,-,-,-,-,Minimo
747,29.88,-699,11816.466816498607,nan,-,-,-,-,Minimo
748,29.92,-16775856,540332.1596899182,nan,-,-,-,-,Minimo
749,29.96,-16775820,495049.8267763918,nan,-,-,-,-,Minimo
751,30.04,-16775668,240595.4153440283,nan,-,-,-,-,Minimo
752,30.08,-16775548,47701.85577146849,nan,-,-,-,-,Minimo
753,30.12,-16775616,-151675.32488721004,nan,-,-,-,-,Minimo
754,30.16,-16775432,-355616.8073729286,nan,-,-,-,-,Minimo
755,30.2,-16775301,-637021.2413040888,nan,-,-,-,-,Minimo
756,30.24,-16775548,-1082478.6063144393,nan,-,-,-,-,Minimo
757,30.28,-16775541,-1580242.3514643991,nan,-,-,-,-,Minimo
758,30.32,-16775603,-1715575.8680843231,nan,-,-,-,-,Minimo
759,30.36,-16775670,-1132227.5843453985,nan,-,-,-,-,Minimo
760,30.4,-16775727,-59857.85280718678,nan,-,-,-,-,Minimo
761,30.44,-16775727,819126.3917264056,nan,-,-,-,-,Minimo
762,30.48,-16775900,1101110.8084534958,nan,-,-,-,-,Minimo
763,30.52,-16775915,967784.632099712,nan,-,-,-,-,Minimo
764,30.56,-16775752,779969.8408698519,nan,-,-,-,-,Minimo
765,30.6,-16775774,681146.4869928109,nan,-,-,-,-,Minimo
766,30.64,-16775511,619311.6821513964,nan,-,-,-,-,Minimo
767,30.68,-16775108,530520.7504340359,nan,-,-,-,-,Minimo
768,30.72,-16775551,413185.55501135485,nan,-,-,-,-,Minimo
769,30.76,-16775581,294677.6310464456,nan,-,-,-,-,Minimo
770,30.8,-16775483,191258.65767540014,nan,-,-,-,-,Minimo
771,30.84,-16775522,103116.30357107776,nan,-,-,-,-,Minimo
772,30.88,-16775543,26661.69461605861,nan,-,-,-,-,Minimo
773,30.92,-16775564,-38421.31942132837,nan,-,-,-,-,Minimo
774,30.96,-16775548,-90512.89374354132,nan,-,-,-,-,Minimo
775,31.0,-16775633,-128965.17202728603,nan,-,-,-,-,Minimo
776,31.04,-16775522,-154732.23315589485,nan,-,-,-,-,Minimo
777,31.08,-16775573,-169442.07088468305,nan,-,-,-,-,Minimo
778,31.12,-16775488,-174697.54723361402,nan,-,-,-,-,Minimo
779,31.16,-16775413,-171976.26868912947,nan,-,-,-,-,Minimo
780,31.2,-16775340,-162806.0970372083,nan,-,-,-,-,Minimo
781,31.24,-16775331,-148767.70634493924,nan,-,-,-,-,Minimo
782,31.28,-16775514,-131384.7683230249,nan,-,-,-,-,Minimo
783,31.32,-16775536,-112020.72855278454,nan,-,-,-,-,Minimo
784,31.36,-16775555,-91824.78989340994,nan,-,-,-,-,Minimo
785,31.4,-16775560,-71766.4911970098,nan,-,-,-,-,Minimo
786,31.44,-16775553,-52635.161399146746,nan,-,-,-,-,Minimo
787,31.48,-16775531,-35036.24546393906,nan,-,-,-,-,Minimo
788,31.52,-16775659,-19392.299700681906,nan,-,-,-,-,Minimo
789,31.56,-16775558,-5981.142542257585,nan,-,-,-,-,Minimo
790,31.6,-16775532,5085.549844408379,nan,-,-,-,-,Minimo
791,31.64,-16775421,13798.321031409025,nan,-,-,-,-,Minimo
792,31.68,-16775212,20262.114474023532,nan,-,-,-,-,Minimo
793,31.72,-16775562,24672.96464400692,nan,-,-,-,-,Minimo
794,31.76,-16775624,27222.016322155992,nan,-,-,-,-,Minimo
795,31.8,-16775652,28161.670596878568,nan,-,-,-,-,Minimo
796,31.84,-16775597,27751.996819192136,nan,-,-,-,-,Minimo
797,31.88,-16775673,26271.73297774909,nan,-,-,-,-,Minimo
798,31.92,-16775675,23994.35081338284,nan,-,-,-,-,Minimo
799,31.96,-16775613,21169.387402177246,nan,-,-,-,-,Minimo
800,32.0,-16775586,18013.2016996511,nan,-,-,-,-,Minimo
801,32.04,-16775546,14709.167982252722,nan,-,-,-,-,Minimo
802,32.08,-16775446,11413.668068794923,nan,-,-,-,-,Minimo
803,32.12,-16775466,8280.725507136984,nan,-,-,-,-,Minimo
804,32.16,-16775604,5426.390136693499,nan,-,-,-,-,Minimo
805,32.2,-16775668,2908.1711800832236,nan,-,-,-,-,Minimo
806,32.24,-16775615,735.9487171761939,nan,-,-,-,-,Minimo
807,32.28,-16775651,-1066.6366622637943,nan,-,-,-,-,Minimo
808,32.32,-16775617,-2430.2832660233325,nan,-,-,-,-,Minimo
809,32.36,-16775606,-3298.2723183166017,nan,-,-,-,-,Minimo
810,32.4,-16775626,-3733.6847253643173,nan,-,-,-,-,Minimo
811,32.44,-16775615,-3907.722238870394,nan,-,-,-,-,Minimo
812,32.48,-16775769,-3925.639168643933,nan,-,-,-,-,Minimo
813,32.52,-16775719,-3831.0115267020274,nan,-,-,-,-,Minimo
814,32.56,-16775664,-3586.486684099874,nan,-,-,-,-,Minimo
815,32.6,-16775573,-3211.5108426826278,nan,-,-,-,-,Minimo
816,32.64,-16775510,-2776.9738759857255,nan,-,-,-,-,Minimo
817,32.68,-16775486,-2343.541106748321,nan,-,-,-,-,Minimo
818,32.72,-16775533,-1952.9729735890596,nan,-,-,-,-,Minimo
819,32.76,-16775603,-1636.5681153034639,nan,-,-,-,-,Minimo
820,32.8,-16775639,-1413.7654143730324,nan,-,-,-,-,Minimo
821,32.84,-16775534,-1326.2681717018622,nan,-,-,-,-,Minimo
822,32.88,-16775606,-0.17474601219296204,nan,-,-,-,-,Minimo
823,32.92,-16775609,10.321161297895259,nan,-,-,-,-,Minimo
824,32.96,-16775655,23.61721278254634,nan,-,-,-,-,Minimo
826,33.04,-16775618,17.387481879873206,nan,-,-,-,-,Minimo
827,33.08,-16775642,1.122171118498534,nan,-,-,-,-,Minimo
828,33.12,-16775582,-15.864906428880687,nan,-,-,-,-,Minimo
829,33.16,-16775544,-22.088391868335748,nan,-,-,-,-,Minimo
830,33.2,-16775591,-15.450182681509798,nan,-,-,-,-,Minimo
831,33.24,-16775541,-9.401260397130478,nan,-,-,-,-,Minimo
832,33.28,-16775623,-3.92816633003925,nan,-,-,-,-,Minimo
833,33.32,-16775643,-4.843763094643471,nan,-,-,-,-,Minimo
834,33.36,-16775624,-5.248974770045134,nan,-,-,-,-,Minimo
835,33.4,-16775641,0.6478634945887141,nan,-,-,-,-,Minimo
836,33.44,-16775653,8.501188685928785,nan,-,-,-,-,Minimo
837,33.48,-16775612,11.516325018152678,nan,-,-,-,-,Minimo
838,33.52,-16775718,13.700193557288863,nan,-,-,-,-,Minimo
839,33.56,-16775759,9.312135707790112,nan,-,-,-,-,Minimo
840,33.6,-16775750,1.3762694367704071,nan,-,-,-,-,Minimo
841,33.64,-16775760,-5.108528528014549,nan,-,-,-,-,Minimo
842,33.68,-16775519,-16.343723162965574,nan,-,-,-,-,Minimo
843,33.72,-16775769,-7.610827720684476,nan,-,-,-,-,Minimo
844,33.76,-495934,-511852.8530211877,nan,-,-,-,-,Minimo
845,33.8,-317337,-475603.1358314827,nan,-,-,-,-,Minimo
846,33.84,-313143,-384384.08375341864,nan,-,-,-,-,Minimo
847,33.88,-274638,-239869.02391301637,nan,-,-,-,-,Minimo
848,33.92,-289646,-51951.265603333246,nan,-,-,-,-,Minimo
849,33.96,-301229,147940.36653863173,nan,-,-,-,-,Minimo
850,34.0,-303180,354987.981649681,nan,-,-,-,-,Minimo
851,34.04,-307255,638700.3987849536,nan,-,-,-,-,Minimo
852,34.08,-308268,1082123.6102586524,nan,-,-,-,-,Minimo
853,34.12,-341555,1572930.4297057227,nan,-,-,-,-,Minimo
854,34.16,-336163,1699104.0691816444,nan,-,-,-,-,Minimo
855,34.2,-335937,1115604.2577177137,nan,-,-,-,-,Minimo
856,34.24,-272172,51148.14202770591,nan,-,-,-,-,Minimo
857,34.28,-271789,-818820.1679805513,nan,-,-,-,-,Minimo
858,34.32,-260356,-1101168.190434041,nan,-,-,-,-,Minimo
859,34.36,-260223,-972634.13732733,nan,-,-,-,-,Minimo
860,34.4,-258639,-786928.3477134064,nan,-,-,-,-,Minimo
861,34.44,-301689,-684794.7503754057,nan,-,-,-,-,Minimo
862,34.48,-304442,-619934.6493764424,nan,-,-,-,-,Minimo
863,34.52,-308623,-528439.9055906057,nan,-,-,-,-,Minimo
864,34.56,-307620,-407996.98378705163,nan,-,-,-,-,Minimo
865,34.6,-308000,-285863.59445998,nan,-,-,-,-,Minimo
866,34.64,-308887,-180642.76296550827,nan,-,-,-,-,Minimo
867,34.68,-361188,-92960.77349249739,nan,-,-,-,-,Minimo
868,34.72,-359357,-21869.77463028999,nan,-,-,-,-,Minimo
869,34.76,-350785,37220.6062107411,nan,-,-,-,-,Minimo
870,34.8,-324718,84516.93769958953,nan,-,-,-,-,Minimo
871,34.84,-286837,120364.214305575,nan,-,-,-,-,Minimo
872,34.88,-286790,147287.55629779352,nan,-,-,-,-,Minimo
873,34.92,-265631,164031.01851536648,nan,-,-,-,-,Minimo
874,34.96,-304771,172872.76525680732,nan,-,-,-,-,Minimo
875,35.0,-305832,170755.79079193575,nan,-,-,-,-,Minimo
876,35.04,-305699,161000.77733713842,nan,-,-,-,-,Minimo
877,35.08,-306393,147500.79031275495,nan,-,-,-,-,Minimo
878,35.12,-308246,133464.1400605517,nan,-,-,-,-,Minimo
879,35.16,-308265,119120.7889529451,nan,-,-,-,-,Minimo
880,35.2,-308517,102401.44443043083,nan,-,-,-,-,Minimo
881,35.24,-357128,83163.81422927222,nan,-,-,-,-,Minimo
882,35.28,-356697,59292.79470309857,nan,-,-,-,-,Minimo
883,35.32,-362801,35845.10678252316,nan,-,-,-,-,Minimo
884,35.36,-362693,15851.257716509019,nan,-,-,-,-,Minimo
885,35.4,-360348,1113.3374453917786,nan,-,-,-,-,Minimo
886,35.44,-359034,-8989.56186624369,nan,-,-,-,-,Minimo
887,35.48,-327750,-17507.73921016963,nan,-,-,-,-,Minimo
888,35.52,-293401,-25071.65616274072,nan,-,-,-,-,Minimo
889,35.56,-308584,-30076.346369181963,nan,-,-,-,-,Minimo
890,35.6,-326212,-33160.360237734,nan,-,-,-,-,Minimo
891,35.64,-362062,-32692.950513248114,nan,-,-,-,-,Minimo
892,35.68,-355239,-30152.710451914056,nan,-,-,-,-,Minimo
893,35.72,-324842,-25975.73711244278,nan,-,-,-,-,Minimo
894,35.76,-324930,-20365.407153516968,nan,-,-,-,-,Minimo
895,35.8,-283829,-16674.79655994325,nan,-,-,-,-,Minimo
896,35.84,-284202,-12205.21453745255,nan,-,-,-,-,Minimo
897,35.88,-295148,-8405.347238813829,nan,-,-,-,-,Minimo
898,35.92,-294477,-7287.188841608186,nan,-,-,-,-,Minimo
899,35.96,-305225,-8139.306035183983,nan,-,-,-,-,Minimo
901,36.04,-307304,-6370.643248910685,nan,-,-,-,-,Minimo
902,36.08,-308159,-153.32610782043776,nan,-,-,-,-,Minimo
903,36.12,-308741,6300.894942516938,nan,-,-,-,-,Minimo
904,36.16,-307689,9309.556107709881,nan,-,-,-,-,Minimo
905,36.2,-339787,9048.812649138348,nan,-,-,-,-,Minimo
906,36.24,-367143,6049.52632095982,nan,-,-,-,-,Minimo
907,36.28,-336662,1192.847844843869,nan,-,-,-,-,Minimo
908,36.32,-337349,-932.9604640348334,nan,-,-,-,-,Minimo
909,36.36,-278367,-3075.2333671996385,nan,-,-,-,-,Minimo
910,36.4,-262923,-2823.8055599877116,nan,-,-,-,-,Minimo
911,36.44,-294445,-991.9122508156688,nan,-,-,-,-,Minimo
912,36.48,-304688,-273.7846117922145,nan,-,-,-,-,Minimo
913,36.52,-305982,-471.1366448554727,nan,-,-,-,-,Minimo
914,36.56,-308631,-971.417985001066,nan,-,-,-,-,Minimo
915,36.6,-308788,-717.5574952555726,nan,-,-,-,-,Minimo
916,36.64,-309087,1827.3484383273862,nan,-,-,-,-,Minimo
917,36.68,-1419,-3237.3166111797036,nan,-,-,-,-,Minimo
918,36.72,-16775768,527607.8690694794,nan,-,-,-,-,Minimo
919,36.76,-16775589,486117.2672025943,nan,-,-,-,-,Minimo
920,36.8,-16775585,390625.3700265726,nan,-,-,-,-,Minimo
921,36.84,-16775625,238990.46125282635,nan,-,-,-,-,Minimo
922,36.88,-16775519,47932.466162235476,nan,-,-,-,-,Minimo
923,36.92,-16775434,-150911.06978946878,nan,-,-,-,-,Minimo
924,36.96,-16775626,-353915.1134213316,nan,-,-,-,-,Minimo
925,37.0,-16775545,-633468.0263623837,nan,-,-,-,-,Minimo
926,37.04,-16775561,-1077395.205674504,nan,-,-,-,-,Minimo
927,37.08,-16775640,-1574760.8111003777,nan,-,-,-,-,Minimo
928,37.12,-16775622,-1710276.4302538019,nan,-,-,-,-,Minimo
929,37.16,-16775717,-1126988.7842427501,nan,-,-,-,-,Minimo
930,37.2,-16775539,-54728.32571610389,nan,-,-,-,-,Minimo
931,37.24,-16775441,823731.9697182428,nan,-,-,-,-,Minimo
932,37.28,-16775381,1104808.6561771447,nan,-,-,-,-,Minimo
933,37.32,-16775403,970522.764864479,nan,-,-,-,-,Minimo
934,37.36,-16775445,781886.0477284393,nan,-,-,-,-,Minimo
935,37.4,-16775670,682379.1659729256,nan,-,-,-,-,Minimo
936,37.44,-16775646,619943.6629538442,nan,-,-,-,-,Minimo
937,37.48,-16775661,530623.7209843094,nan,-,-,-,-,Minimo
938,37.52,-16775617,412810.20696139964,nan,-,-,-,-,Minimo
939,37.56,-16775617,293939.35998565913,nan,-,-,-,-,Minimo
940,37.6,-16775579,190262.13257826283,nan,-,-,-,-,Minimo
941,37.64,-16775598,101944.0374382413,nan,-,-,-,-,Minimo
942,37.68,-16775620,25375.263804387767,nan,-,-,-,-,Minimo
943,37.72,-16775665,-39767.740536408615,nan,-,-,-,-,Minimo
944,37.76,-16775612,-91863.50626163546,nan,-,-,-,-,Minimo
945,37.8,-16775509,-130255.94163179479,nan,-,-,-,-,Minimo
946,37.84,-16775561,-155883.84117580217,nan,-,-,-,-,Minimo
947,37.88,-16775495,-170412.6530239993,nan,-,-,-,-,Minimo
948,37.92,-16775600,-175459.25611254782,nan,-,-,-,-,Minimo
949,37.96,-16775570,-172561.4872413049,nan,-,-,-,-,Minimo
950,38.0,-16775593,-163248.04394877102,nan,-,-,-,-,Minimo
951,38.04,-16775573,-149092.15957331407,nan,-,-,-,-,Minimo
952,38.08,-16775681,-131594.69363341283,nan,-,-,-,-,Minimo
953,38.12,-16775524,-112121.71541571165,nan,-,-,-,-,Minimo
954,38.16,-16775712,-91821.3795479284,nan,-,-,-,-,Minimo
955,38.2,-16775575,-71691.60708736433,nan,-,-,-,-,Minimo
956,38.24,-16775606,-52513.70286786024,nan,-,-,-,-,Minimo
957,38.28,-16775562,-34888.5635046438,nan,-,-,-,-,Minimo
958,38.32,-16775655,-19226.93515444346,nan,-,-,-,-,Minimo
959,38.36,-16775609,-5795.664812066709,nan,-,-,-,-,Minimo
960,38.4,-16775686,5291.12419235328,nan,-,-,-,-,Minimo
961,38.44,-16775644,14017.706094426889,nan,-,-,-,-,Minimo
962,38.48,-16775571,20482.357137007,nan,-,-,-,-,Minimo
963,38.52,-16775682,24866.126273195565,nan,-,-,-,-,Minimo
964,38.56,-16775621,27377.203454223825,nan,-,-,-,-,Minimo
965,38.6,-16775784,28285.28121003144,nan,-,-,-,-,Minimo
966,38.64,-16775982,27850.830781387238,nan,-,-,-,-,Minimo
967,38.68,-16775980,26341.73037413845,nan,-,-,-,-,Minimo
968,38.72,-16775976,24036.31074709969,nan,-,-,-,-,Minimo
969,38.76,-249,-506259.4652461633,nan,-,-,-,-,Minimo
970,38.8,-324611,-456101.15123391896,nan,-,-,-,-,Minimo
971,38.84,-322289,-366657.95394430496,nan,-,-,-,-,Minimo
972,38.88,-304969,-223163.80093747843,nan,-,-,-,-,Minimo
973,38.92,-306903,-37659.4444621033,nan,-,-,-,-,Minimo
974,38.96,-308730,159224.36234375276,nan,-,-,-,-,Minimo
976,39.04,-308351,647202.9347771504,nan,-,-,-,-,Minimo
977,39.08,-308774,1093504.8553932998,nan,-,-,-,-,Minimo
978,39.12,-309510,1583131.089157491,nan,-,-,-,-,Minimo
979,39.16,-313161,1697456.4797282116,nan,-,-,-,-,Minimo
980,39.2,-356112,1093276.850682605,nan,-,-,-,-,Minimo
981,39.24,-357001,16673.52275585872,nan,-,-,-,-,Minimo
982,39.28,-325966,-847231.1943215295,nan,-,-,-,-,Minimo
983,39.32,-293325,-1110862.6362288347,nan,-,-,-,-,Minimo
984,39.36,-291827,-968969.2827450284,nan,-,-,-,-,Minimo
985,39.4,-288328,-781706.0646070149,nan,-,-,-,-,Minimo
986,39.44,-289463,-684160.0345820582,nan,-,-,-,-,Minimo
987,39.48,-304946,-620834.4566817115,nan,-,-,-,-,Minimo
988,39.52,-307726,-530398.7115147221,nan,-,-,-,-,Minimo
989,39.56,-16776132,105551.14493670128,nan,-,-,-,-,Minimo
990,39.6,-16775823,183041.7400456369,nan,-,-,-,-,Minimo
991,39.64,-16775863,197748.25529873907,nan,-,-,-,-,Minimo
992,39.68,-16775883,144602.1564920426,nan,-,-,-,-,Minimo
993,39.72,-16775748,34240.97400007257,nan,-,-,-,-,Minimo
994,39.76,-16775797,-103330.35001144279,nan,-,-,-,-,Minimo
995,39.8,-16775658,-263326.04438994173,nan,-,-,-,-,Minimo
996,39.84,-16775643,-513245.7479470568,nan,-,-,-,-,Minimo
997,39.88,-16775682,-934244.5383559363,nan,-,-,-,-,Minimo
998,39.92,-16775777,-1409587.5765434904,nan,-,-,-,-,Minimo
999,39.96,-16775724,-1525550.7158192513,nan,-,-,-,-,Minimo
1000,40.0,-16775745,-935557.7199752512,nan,-,-,-,-,Minimo
1001,40.04,-16775664,123803.90627218387,nan,-,-,-,-,Minimo
1002,40.08,-16775640,976935.8897991928,nan,-,-,-,-,Minimo
1003,40.12,-16775587,1232838.0610861722,nan,-,-,-,-,Minimo
1004,40.16,-16775541,1078166.387260622,nan,-,-,-,-,Minimo
1005,40.2,-16775518,870994.5544955694,nan,-,-,-,-,Minimo
1006,40.24,-16775654,752130.6825627194,nan,-,-,-,-,Minimo
1007,40.28,-16775651,670108.80069,nan,-,-,-,-,Minimo
1008,40.32,-16775724,562738.2529282323,nan,-,-,-,-,Minimo
1009,40.36,-16775716,429365.0814634941,nan,-,-,-,-,Minimo
1010,40.4,-16775722,297462.74733099015,nan,-,-,-,-,Minimo
1011,40.44,-16775612,183093.3122885062,nan,-,-,-,-,Minimo
1012,40.48,-16775511,86354.75749861985,nan,-,-,-,-,Minimo
1013,40.52,-16775539,3622.01690494176,nan,-,-,-,-,Minimo
1014,40.56,-16775509,-65576.15822748747,nan,-,-,-,-,Minimo
1015,40.6,-16775507,-119862.11193475721,nan,-,-,-,-,Minimo
1016,40.64,-16775388,-158877.79365615477,nan,-,-,-,-,Minimo
1017,40.68,-16775463,-183842.708979466,nan,-,-,-,-,Minimo
1018,40.72,-16775637,-196675.09946675372,nan,-,-,-,-,Minimo
1019,40.76,-16775692,-199269.57287031278,nan,-,-,-,-,Minimo
1020,40.8,-16775649,-193394.0831602099,nan,-,-,-,-,Minimo
1021,40.84,-16775629,-180812.71731903282,nan,-,-,-,-,Minimo
1022,40.88,-16775627,-163295.13770433608,nan,-,-,-,-,Minimo
1023,40.92,-16775644,-142508.63901142584,nan,-,-,-,-,Minimo
1024,40.96,-16775636,-119931.10898094576,nan,-,-,-,-,Minimo
1025,41.0,-16775553,-96818.48214416669,nan,-,-,-,-,Minimo
1026,41.04,-16775566,-74193.52554765891,nan,-,-,-,-,Minimo
1027,41.08,-16775561,-52870.814245334506,nan,-,-,-,-,Minimo
1028,41.12,-16775602,-33477.57452598319,nan,-,-,-,-,Minimo
1029,41.16,-16775568,-16501.66835088574,nan,-,-,-,-,Minimo
1030,41.2,-16775567,-2245.8989652239543,nan,-,-,-,-,Minimo
1031,41.24,-16775526,9228.273312232981,nan,-,-,-,-,Minimo
1032,41.28,-16775536,18076.65775141763,nan,-,-,-,-,Minimo
1033,41.32,-16775664,24516.555133792106,nan,-,-,-,-,Minimo
1034,41.36,-16775552,28731.83289644176,nan,-,-,-,-,Minimo
1035,41.4,-16775622,30950.646399194447,nan,-,-,-,-,Minimo
1036,41.44,-16775521,31443.641850543434,nan,-,-,-,-,Minimo
1037,41.48,-16775670,30556.402351771165,nan,-,-,-,-,Minimo
1038,41.52,-16775633,28610.088380336783,nan,-,-,-,-,Minimo
1039,41.56,-16775602,25918.070942055798,nan,-,-,-,-,Minimo
1040,41.6,-16775547,22750.952593920574,nan,-,-,-,-,Minimo
1041,41.64,-16775487,19348.35335339367,nan,-,-,-,-,Minimo
1042,41.68,-16775555,15923.522186120637,nan,-,-,-,-,Minimo
1043,41.72,-16775586,11327.212730006999,nan,-,-,-,-,Minimo
1044,41.76,-16775672,8245.548954887465,nan,-,-,-,-,Minimo
1045,41.8,-16775656,5398.517589141971,nan,-,-,-,-,Minimo
1046,41.84,-16775629,2864.5432699222692,nan,-,-,-,-,Minimo
1047,41.88,-16775584,673.492997042471,nan,-,-,-,-,Minimo
1048,41.92,-16775705,-1127.7695964786217,nan,-,-,-,-,Minimo
1049,41.96,-16775715,-2477.18421934636,nan,-,-,-,-,Minimo
1051,42.04,-16775543,-3776.4043776393464,nan,-,-,-,-,Minimo
1052,42.08,-16775519,-3950.7781907787066,nan,-,-,-,-,Minimo
1053,42.12,-16775506,-3967.7283968444463,nan,-,-,-,-,Minimo
1054,42.16,-16775563,-3836.8342315525497,nan,-,-,-,-,Minimo
1055,42.2,-16775600,-3561.9990828897076,nan,-,-,-,-,Minimo
1056,42.24,-16775792,-3174.3346345019936,nan,-,-,-,-,Minimo
1057,42.28,-16775566,-2754.2029853968534,nan,-,-,-,-,Minimo
1058,42.32,-16775570,-2330.293790435019,nan,-,-,-,-,Minimo
1059,42.36,-16775478,-1947.406332620999,nan,-,-,-,-,Minimo
1060,42.4,-16775468,-1626.883680226958,nan,-,-,-,-,Minimo
1061,42.44,-16775490,-1399.4984478280403,nan,-,-,-,-,Minimo
1062,42.48,-16775482,-1290.929932697807,nan,-,-,-,-,Minimo
1063,42.52,-16775582,-4.552668336921812,nan,-,-,-,-,Minimo
1064,42.56,-16775665,-11.452060828081088,nan,-,-,-,-,Minimo
1065,42.6,-16775608,-13.190694438235411,nan,-,-,-,-,Minimo
1066,42.64,-16775608,-2.3995048914219197,nan,-,-,-,-,Minimo
1067,42.68,-16775722,16.487013544390877,nan,-,-,-,-,Minimo
1068,42.72,-16775485,17.290440491195227,nan,-,-,-,-,Minimo
1069,42.76,-16775622,16.54327144722822,nan,-,-,-,-,Minimo
1070,42.8,-16775527,-1.0300804909670518,nan,-,-,-,-,Minimo
1071,42.84,-16775642,-11.871474211097585,nan,-,-,-,-,Minimo
1072,42.88,-16775533,-23.6928638632225,nan,-,-,-,-,Minimo
1073,42.92,-16775518,-24.679478841654742,nan,-,-,-,-,Minimo
1074,42.96,-16775503,-18.485560830486904,nan,-,-,-,-,Minimo
1075,43.0,-16775605,-4.307562858639017,nan,-,-,-,-,Minimo
1076,43.04,-16775624,6.711208894045299,nan,-,-,-,-,Minimo
1077,43.08,-16775563,11.247691703281436,nan,-,-,-,-,Minimo
1078,43.12,-16775621,14.691914971573738,nan,-,-,-,-,Minimo
1079,43.16,-16775578,10.225920192702779,nan,-,-,-,-,Minimo
1080,43.2,-16775643,7.151805031498078,nan,-,-,-,-,Minimo
1081,43.24,-16775617,3.4866566462913795,nan,-,-,-,-,Minimo
1082,43.28,-16775709,6.623868641992431,nan,-,-,-,-,Minimo
1083,43.32,-16775557,0.2698629639114003,nan,-,-,-,-,Minimo
1084,43.36,-16775590,-4.706295775264522,nan,-,-,-,-,Minimo
1085,43.4,-16775487,-14.220170867471438,nan,-,-,-,-,Minimo
1086,43.44,-16775526,-12.967261771460528,nan,-,-,-,-,Minimo
1087,43.48,-16775515,-7.423148341337004,nan,-,-,-,-,Minimo
1088,43.52,-16775609,1.049118454122258,nan,-,-,-,-,Minimo
1089,43.56,-16775621,2.58846335481455,nan,-,-,-,-,Minimo
1090,43.6,-16775521,-1.4038588042508948,nan,-,-,-,-,Minimo
1091,43.64,-16775642,4.210240059161677,nan,-,-,-,-,Minimo
1092,43.68,-16775644,9.787255671574194,nan,-,-,-,-,Minimo
1093,43.72,-16775722,18.162855362593433,nan,-,-,-,-,Minimo
1094,43.76,-16775691,17.878508241974203,nan,-,-,-,-,Minimo
1095,43.8,-16775571,6.939977193699647,nan,-,-,-,-,Minimo
1096,43.84,-16775603,-3.8243907848944403,nan,-,-,-,-,Minimo
1097,43.88,-16775556,-15.192734454888516,nan,-,-,-,-,Minimo
1098,43.92,-16775501,-19.651878964904355,nan,-,-,-,-,Minimo
1099,43.96,-16775606,-12.238357796340402,nan,-,-,-,-,Minimo
1100,44.0,-16775671,-5.203072716878026,nan,-,-,-,-,Minimo
1101,44.04,-16775573,-7.010922819035242,nan,-,-,-,-,Minimo
1102,44.08,-16775572,-6.5569250575168745,nan,-,-,-,-,Minimo
1103,44.12,-16775548,-1.7985736391798035,nan,-,-,-,-,Minimo
1104,44.16,-16775699,13.42029300164721,nan,-,-,-,-,Minimo
1105,44.2,-16775677,20.51679025496729,nan,-,-,-,-,Minimo
1106,44.24,-16775661,18.816773354865436,nan,-,-,-,-,Minimo
1107,44.28,-16775504,4.502293131996694,nan,-,-,-,-,Minimo
1108,44.32,-16775480,-7.443489809163765,nan,-,-,-,-,Minimo
1109,44.36,-16775509,-12.947987877029945,nan,-,-,-,-,Minimo
1110,44.4,-16775488,-11.814583954991576,nan,-,-,-,-,Minimo
1111,44.44,-16775499,-4.230938586184353,nan,-,-,-,-,Minimo
1112,44.48,-16775649,4.95695374508243,nan,-,-,-,-,Minimo
1113,44.52,-16775686,3.4991444412057007,nan,-,-,-,-,Minimo
1114,44.56,-16775587,-2.9715153201896793,nan,-,-,-,-,Minimo
1115,44.6,-16775627,3.083391468955945,nan,-,-,-,-,Minimo
1116,44.64,-16775558,12.113703294573575,nan,-,-,-,-,Minimo
1117,44.68,-16775599,19.88179245014331,nan,-,-,-,-,Minimo
1118,44.72,-16775586,13.314542077783498,nan,-,-,-,-,Minimo
1119,44.76,-16775712,2.322347977996671,nan,-,-,-,-,Minimo
1120,44.8,-16775570,-16.487633717431102,nan,-,-,-,-,Minimo
1121,44.84,-16775364,-30.12588328997174,nan,-,-,-,-,Minimo
1122,44.88,-16775400,-26.869542019998065,nan,-,-,-,-,Minimo
1123,44.92,-16775425,-15.516810524651433,nan,-,-,-,-,Minimo
1124,44.96,-16775658,6.070768566219357,nan,-,-,-,-,Minimo
1126,45.04,-16775631,14.412894531715608,nan,-,-,-,-,Minimo
1127,45.08,-16775597,7.569091092006341,nan,-,-,-,-,Minimo
1128,45.12,-16775731,8.803911676994204,nan,-,-,-,-,Minimo
1129,45.16,-16775656,11.21088990364118,nan,-,-,-,-,Minimo
1130,45.2,-16775719,21.499544663119867,nan,-,-,-,-,Minimo
1131,45.24,-16775656,18.456924253516583,nan,-,-,-,-,Minimo
1132,45.28,-16775690,1.7294767074713207,nan,-,-,-,-,Minimo
1133,45.32,-16775541,-27.80437203990229,nan,-,-,-,-,Minimo
1134,45.36,-16775533,-40.33138002697156,nan,-,-,-,-,Minimo
1135,45.4,-16775526,-32.42777052150592,nan,-,-,-,-,Minimo
1136,45.44,-16775600,-12.443010058018736,nan,-,-,-,-,Minimo
1137,45.48,-16775606,-0.16948140662090694,nan,-,-,-,-,Minimo
1138,45.52,-16775566,2.0328833513871674,nan,-,-,-,-,Minimo
1139,45.56,-16775535,3.0662020125370155,nan,-,-,-,-,Minimo
1140,45.6,-16775488,7.210115858202336,nan,-,-,-,-,Minimo
1141,45.64,-16775506,15.392001466236476,nan,-,-,-,-,Minimo
1142,45.68,-16775561,22.43694473918582,nan,-,-,-,-,Minimo
1143,45.72,-16775588,22.80891861706182,nan,-,-,-,-,Minimo
1144,45.76,-16775475,11.523940303207606,nan,-,-,-,-,Minimo
1145,45.8,-16775649,5.5482477875714835,nan,-,-,-,-,Minimo
1146,45.84,-16775636,-3.0055454071124075,nan,-,-,-,-,Minimo
1147,45.88,-16775599,-3.882385649563407,nan,-,-,-,-,Minimo
1148,45.92,-16775522,-0.5939648128814667,nan,-,-,-,-,Minimo
1149,45.96,-16775603,5.155904239764297,nan,-,-,-,-,Minimo
1150,46.0,-16775699,4.091372519006924,nan,-,-,-,-,Minimo
1151,46.04,-16775650,-5.921637916704533,nan,-,-,-,-,Minimo
1152,46.08,-16775608,-13.338676661583051,nan,-,-,-,-,Minimo
1153,46.12,-16775549,-15.916958259965767,nan,-,-,-,-,Minimo
1154,46.16,-16775605,-11.930388247509487,nan,-,-,-,-,Minimo
1155,46.2,-16775485,-13.147991733034004,nan,-,-,-,-,Minimo
1156,46.24,-16775558,-6.437397354743691,nan,-,-,-,-,Minimo
1157,46.28,-16775731,4.881667686629598,nan,-,-,-,-,Minimo
1158,46.32,-16775537,0.941398806612014,nan,-,-,-,-,Minimo
1159,46.36,-16775658,1.810098414038265,nan,-,-,-,-,Minimo
1160,46.4,-16775627,-1.0473832757438535,nan,-,-,-,-,Minimo
1161,46.44,-16775618,3.8308760223659,nan,-,-,-,-,Minimo
1162,46.48,-16775716,15.189581660462444,nan,-,-,-,-,Minimo
1163,46.52,-16775673,16.14392815218106,nan,-,-,-,-,Minimo
1164,46.56,-16775583,6.830518426174031,nan,-,-,-,-,Minimo
1165,46.6,-16775558,-4.46899301523716,nan,-,-,-,-,Minimo
1166,46.64,-16775410,-17.137762079146796,nan,-,-,-,-,Minimo
1167,46.68,-16775484,-15.418146380109519,nan,-,-,-,-,Minimo
1168,46.72,-16775569,-6.472226902243001,nan,-,-,-,-,Minimo
1169,46.76,-16775605,1.7440431699164094,nan,-,-,-,-,Minimo
1170,46.8,-16775660,6.115911131006229,nan,-,-,-,-,Minimo
1171,46.84,-16775624,4.5948576322100365,nan,-,-,-,-,Minimo
1172,46.88,-16775588,5.499837603633034,nan,-,-,-,-,Minimo
1173,46.92,-16775529,10.263324980293824,nan,-,-,-,-,Minimo
1174,46.96,-16775552,17.945215965470922,nan,-,-,-,-,Minimo
1175,47.0,-16775563,17.99897499795552,nan,-,-,-,-,Minimo
1176,47.04,-16775504,5.031783169894666,nan,-,-,-,-,Minimo
1177,47.08,-16775387,-15.545552590740826,nan,-,-,-,-,Minimo
1178,47.12,-16775442,-25.58825750355473,nan,-,-,-,-,Minimo
1179,47.16,-16775573,-20.270573625293892,nan,-,-,-,-,Minimo
1180,47.2,-16775554,-8.331858900726289,nan,-,-,-,-,Minimo
1181,47.24,-16775647,9.456880720093295,nan,-,-,-,-,Minimo
1182,47.28,-16775673,18.34142555015832,nan,-,-,-,-,Minimo
1183,47.32,-16775476,10.880010318797389,nan,-,-,-,-,Minimo
