muestra,tiempo,ppg,ppg filtrado,spi,spi_promedio,estado,tipo evento,evento
1,0.04,-1300966,-2249.110109974806,nan,-,-,-,-,-
2,0.08,-1303952,-2580.0883756262842,nan,-,-,-,-,-
3,0.12,-1262609,-4412.664852649636,nan,-,-,-,-,-
4,0.16,-1239668,-5409.68767508943,nan,-,-,-,-,-
5,0.2,-1239109,-5134.927184040858,nan,-,-,-,-,-
6,0.24,-1241441,-4116.7031665261875,nan,-,-,-,-,-
7,0.28,-1240653,-2718.526712729573,nan,-,-,-,-,-
8,0.32,-1242675,-1050.625998470666,nan,-,-,-,-,-
9,0.36,-1245912,639.411756588891,nan,-,-,-,-,-
10,0.4,-1244275,2296.117017440796,nan,-,-,-,-,-
11,0.44,-1245557,4517.125688256516,nan,-,-,-,-,-
12,0.48,-1251763,7200.412556683734,nan,-,-,-,-,-
13,0.52,-1257640,8865.598291503928,nan,-,-,-,-,-
14,0.56,-1264726,7933.404706733909,nan,-,-,-,-,-
15,0.6,-1271335,4377.110164923079,nan,-,-,-,-,-
16,0.64,-1277003,316.68785000148455,nan,-,-,-,-,-
17,0.68,-1281840,-2115.8552941157523,nan,-,-,-,-,-
18,0.72,-1287269,-2651.2004910569576,nan,-,-,-,-,-
19,0.76,-1290661,-2505.997017626074,nan,-,-,-,-,-
20,0.8,-1258680,-3662.62974804841,nan,-,-,-,-,-
21,0.84,-1236612,-4779.066945162704,nan,-,-,-,-,-
22,0.88,-1237453,-5079.194107995019,nan,-,-,-,-,-
23,0.92,-1242309,-4758.196897197367,nan,-,-,-,-,-
24,0.96,-1244121,-3864.986202071259,nan,-,-,-,-,-
25,1.0,-1248238,-2388.100718587319,nan,-,-,-,-,-
26,1.04,-1250534,-761.9426404859414,nan,-,-,-,-,-
27,1.08,-1247077,825.5250815306949,nan,-,-,-,-,-
28,1.12,-1248226,2919.237280550822,nan,-,-,-,-,-
29,1.16,-1253579,5391.078746499663,nan,-,-,-,-,-
30,1.2,-1260021,7066.9454410626095,nan,-,-,-,-,-
31,1.24,-1266570,6482.043299609395,nan,-,-,-,-,-
32,1.28,-1272525,3536.444725310328,nan,-,-,-,-,-
33,1.32,-1278313,82.31560738301414,nan,-,-,-,-,-
34,1.36,-1283090,-1901.8101195823692,nan,-,-,-,-,-
35,1.4,-1287453,-2060.8167084667066,nan,-,-,-,-,-
36,1.44,-1291910,-1459.0739689402424,nan,-,-,-,-,-
37,1.48,-1296155,-1193.1826270049821,nan,-,-,-,-,-
38,1.52,-1268129,-2592.267305974052,nan,-,-,-,-,-
39,1.56,-1237134,-4309.389069110228,nan,-,-,-,-,-
40,1.6,-1233004,-4743.393381678456,nan,-,-,-,-,-
41,1.64,-1235278,-4180.982900218463,nan,-,-,-,-,-
42,1.68,-1234837,-3015.1256801746267,nan,-,-,-,-,-
43,1.72,-1233299,-1573.730374219188,nan,-,-,-,-,-
44,1.76,-1237471,61.41301673327416,nan,-,-,-,-,-
45,1.8,-1238034,1638.129115193924,nan,-,-,-,-,-
46,1.84,-1238340,3590.9723140100396,nan,-,-,-,-,-
47,1.88,-1243508,6100.230934001353,nan,-,-,-,-,-
48,1.92,-1250950,8094.6081454586165,nan,-,-,-,-,-
49,1.96,-1257957,7903.9949874169215,nan,-,-,-,-,-
50,2.0,-1264964,5084.273478744119,nan,-,-,-,-,-
51,2.04,-1270842,1199.2502395224728,nan,-,-,-,-,-
52,2.08,-1275477,-1591.642139765001,nan,-,-,-,-,-
53,2.12,-1280388,-2584.6272103798447,nan,-,-,-,-,-
54,2.16,-1285417,-2652.437874113994,nan,-,-,-,-,-
55,2.2,-1291424,-2705.909609658556,nan,-,-,-,-,-
56,2.24,-1288867,-3288.1162303867895,nan,-,-,-,-,-
57,2.28,-1244938,-5208.3992470067315,nan,-,-,-,-,-
58,2.32,-1230069,-5835.05442602167,nan,-,-,-,-,-
59,2.36,-1232037,-5264.574198845363,nan,-,-,-,-,-
60,2.4,-1233387,-4032.949825002832,nan,-,-,-,-,-
61,2.44,-1231539,-2491.6492940264898,nan,-,-,-,-,-
62,2.48,-1233048,-801.2342014827159,nan,-,-,-,-,-
63,2.52,-1237135,856.3096243973587,nan,-,-,-,-,-
64,2.56,-1237097,2528.4039530462705,nan,-,-,-,-,-
65,2.6,-1238768,4793.032797515421,nan,-,-,-,-,-
66,2.64,-1243799,7365.957953447525,nan,-,-,-,-,-
67,2.68,-1250009,8673.766900633496,nan,-,-,-,-,-
68,2.72,-1256478,7231.725972098951,nan,-,-,-,-,-
69,2.76,-1262501,3520.833879241698,nan,-,-,-,-,-
70,2.8,-1268327,-141.7403000172926,nan,-,-,-,-,-
71,2.84,-1273465,-2041.757529963491,nan,-,-,-,-,-
72,2.88,-1278143,-2411.4750904263356,nan,-,-,-,-,-
73,2.92,-1283234,-2356.7174885032546,nan,-,-,-,-,-
74,2.96,-1288006,-2506.338183826025,nan,-,-,-,-,-
76,3.04,-1290783,-3296.7828597342086,nan,-,-,-,-,-
77,3.08,-1248285,-4826.080796459326,nan,-,-,-,-,-
78,3.12,-1234322,-4983.88400346211,nan,-,-,-,-,-
79,3.16,-1237549,-4078.8407056563956,nan,-,-,-,-,-
80,3.2,-1240173,-2815.449521745897,nan,-,-,-,-,-
81,3.24,-1239447,-1500.5391115953562,nan,-,-,-,-,-
82,3.28,-1244049,-48.452961191084796,nan,-,-,-,-,-
83,3.32,-1244245,1210.5373368955961,nan,-,-,-,-,-
84,3.36,-1243941,2686.7961161303865,nan,-,-,-,-,-
85,3.4,-1248962,4895.788473721297,nan,-,-,-,-,-
86,3.44,-1255959,7330.9232513240295,nan,-,-,-,-,-
87,3.48,-1262918,8434.884895284256,nan,-,-,-,-,-
88,3.52,-1269041,6796.105345462671,nan,-,-,-,-,-
89,3.56,-1275065,2996.5440841953277,nan,-,-,-,-,-
90,3.6,-1280138,-669.9821269033255,nan,-,-,-,-,-
91,3.64,-1284957,-2451.7095809629245,nan,-,-,-,-,-
92,3.68,-1290648,-2580.3668640702053,nan,-,-,-,-,-
93,3.72,-1292678,-2456.907162433762,nan,-,-,-,-,-
94,3.76,-1254912,-3970.9865438687884,nan,-,-,-,-,-
95,3.8,-1236755,-5068.828864230949,nan,-,-,-,-,-
96,3.84,-1239745,-5166.865896220592,nan,-,-,-,-,-
97,3.88,-1244414,-4502.61169544372,nan,-,-,-,-,-
98,3.92,-1246170,-3257.251931606338,nan,-,-,-,-,-
99,3.96,-1249863,-1644.4251250643542,nan,-,-,-,-,-
100,4.0,-1253345,-46.34914242694413,nan,-,-,-,-,-
101,4.04,-1251017,1447.4383000008584,nan,-,-,-,-,-
102,4.08,-1251417,3453.6349389226034,nan,-,-,-,-,-
103,4.12,-1256707,5870.897145030271,nan,-,-,-,-,-
104,4.16,-1263881,7346.522640069654,nan,-,-,-,-,-
105,4.2,-1270827,6349.028101482512,nan,-,-,-,-,-
106,4.24,-1277950,3070.9334672809728,nan,-,-,-,-,-
107,4.28,-1283722,-441.848820627034,nan,-,-,-,-,-
108,4.32,-1290187,-2196.4649241184734,nan,-,-,-,-,-
109,4.36,-1295596,-2191.452065913534,nan,-,-,-,-,-
110,4.4,-1300593,-1594.8907787051842,nan,-,-,-,-,-
111,4.44,-1305951,-1350.4515596468088,nan,-,-,-,-,-
112,4.48,-1311707,-1681.4823738383948,nan,-,-,-,-,-
113,4.52,-1290975,-3140.085289860326,nan,-,-,-,-,-
114,4.56,-1249391,-5004.373184751996,nan,-,-,-,-,-
115,4.6,-1242424,-5072.915786773694,nan,-,-,-,-,-
116,4.64,-1245910,-4080.038993734306,nan,-,-,-,-,-
117,4.68,-1247556,-2689.955177190047,nan,-,-,-,-,-
118,4.72,-1247229,-1225.0110979630426,nan,-,-,-,-,-
119,4.76,-1251300,342.5236734172431,nan,-,-,-,-,-
120,4.8,-1253271,1898.7356089803561,nan,-,-,-,-,-
121,4.84,-1253226,3800.7163495011464,nan,-,-,-,-,-
122,4.88,-1258246,6407.734079220996,nan,-,-,-,-,-
123,4.92,-1266111,8763.72923420545,nan,-,-,-,-,-
124,4.96,-1275258,9040.86252257488,nan,-,-,-,-,-
125,5.0,-1283202,6242.4549978599025,nan,-,-,-,-,-
126,5.04,-1289313,1771.3329232636297,nan,-,-,-,-,-
127,5.08,-1295494,-1729.973544423363,nan,-,-,-,-,-
128,5.12,-1300742,-3100.9926089221244,nan,-,-,-,-,-
129,5.16,-1306452,-3091.4799152815085,nan,-,-,-,-,-
130,5.2,-1312935,-2938.80675370893,nan,-,-,-,-,-
131,5.24,-1319440,-3167.2355112313953,nan,-,-,-,-,-
132,5.28,-1290412,-4722.85838207115,nan,-,-,-,-,-
133,5.32,-1252391,-6306.157196945183,nan,-,-,-,-,-
134,5.36,-1250691,-6052.1438357659645,nan,-,-,-,-,-
135,5.4,-1255456,-4791.765606161829,nan,-,-,-,-,-
136,5.44,-1257766,-3061.5797921638678,nan,-,-,-,-,-
137,5.48,-1258585,-1274.1427645052984,nan,-,-,-,-,-
138,5.52,-1263627,461.9707029669471,nan,-,-,-,-,-
139,5.56,-1264490,2024.4299093945829,nan,-,-,-,-,-
140,5.6,-1264134,4008.0107723475267,nan,-,-,-,-,-
141,5.64,-1268345,6724.831373043287,nan,-,-,-,-,-
142,5.68,-1274867,8986.340630368519,nan,-,-,-,-,-
143,5.72,-1281841,8812.518510745367,nan,-,-,-,-,-
144,5.76,-1289138,5553.787709673848,nan,-,-,-,-,-
145,5.8,-1296160,1056.7636304180778,nan,-,-,-,-,-
146,5.84,-1302683,-2034.2268680531124,nan,-,-,-,-,-
147,5.88,-1308504,-2868.284485792976,nan,-,-,-,-,-
148,5.92,-1313735,-2522.8789762495717,nan,-,-,-,-,-
149,5.96,-1319335,-2228.128592362311,nan,-,-,-,-,-
151,6.04,-1324679,-3035.617564341601,nan,-,-,-,-,-
152,6.08,-1270189,-5273.362231134808,nan,-,-,-,-,-
153,6.12,-1262826,-5497.903192130609,nan,-,-,-,-,-
154,6.16,-1269897,-4609.128720252196,nan,-,-,-,-,-
155,6.2,-1274083,-3281.5955673465287,nan,-,-,-,-,-
156,6.24,-1278411,-1683.870579783547,nan,-,-,-,-,-
157,6.28,-1282016,-115.644933646965,nan,-,-,-,-,-
158,6.32,-1279039,1162.6702580851397,nan,-,-,-,-,-
159,6.36,-1278634,2750.1960358870474,nan,-,-,-,-,-
160,6.4,-1283607,5123.842199318235,nan,-,-,-,-,-
161,6.44,-1290773,7719.444806150799,nan,-,-,-,-,-
162,6.48,-1297785,8714.527162482089,nan,-,-,-,-,-
163,6.52,-1305249,6595.086964007114,nan,-,-,-,-,-
164,6.56,-1312607,2219.530523865611,nan,-,-,-,-,-
165,6.6,-1318901,-1571.3449450553398,nan,-,-,-,-,-
166,6.64,-1324269,-2876.0784490345104,nan,-,-,-,-,-
167,6.68,-1329775,-2299.8098666257165,nan,-,-,-,-,-
168,6.72,-1329119,-1803.7177256005155,nan,-,-,-,-,-
169,6.76,-1280093,-3675.429742231441,nan,-,-,-,-,-
170,6.8,-1265288,-4954.2272752878125,nan,-,-,-,-,-
171,6.84,-1268781,-5312.382700695431,nan,-,-,-,-,-
172,6.88,-1274262,-4726.956991803949,nan,-,-,-,-,-
173,6.92,-1277166,-3409.4931661450837,nan,-,-,-,-,-
174,6.96,-1280973,-1679.1579563864752,nan,-,-,-,-,-
175,7.0,-1285459,160.1642677152322,nan,-,-,-,-,-
176,7.04,-1283967,2032.2506096371544,nan,-,-,-,-,-
177,7.08,-1283143,4444.86896759872,nan,-,-,-,-,-
178,7.12,-1287287,7128.322588159797,nan,-,-,-,-,-
179,7.16,-1294486,8435.529610262,nan,-,-,-,-,-
180,7.2,-1302337,6754.174755123317,nan,-,-,-,-,-
181,7.24,-1309956,2634.8779126758654,nan,-,-,-,-,-
182,7.28,-1317325,-1308.3564922101032,nan,-,-,-,-,-
183,7.32,-1324739,-3021.936076820244,nan,-,-,-,-,-
184,7.36,-1330917,-2761.649175710867,nan,-,-,-,-,-
185,7.4,-1337085,-1923.8105552097254,nan,-,-,-,-,-
186,7.44,-1343082,-1517.1801967090614,nan,-,-,-,-,-
187,7.48,-1292760,-3505.7335802535745,nan,-,-,-,-,-
188,7.52,-1268361,-4916.395222728424,nan,-,-,-,-,-
189,7.56,-1272828,-5126.410438244839,nan,-,-,-,-,-
190,7.6,-1277330,-4623.749541522155,nan,-,-,-,-,-
191,7.64,-1278882,-3437.982172269196,nan,-,-,-,-,-
192,7.68,-1283092,-1714.571256746649,nan,-,-,-,-,-
193,7.72,-1285840,81.41386159440844,nan,-,-,-,-,-
194,7.76,-1284560,1957.399795411833,nan,-,-,-,-,-
195,7.8,-1286149,4523.085019779779,nan,-,-,-,-,-
196,7.84,-1291299,7574.9811739056,nan,-,-,-,-,-
197,7.88,-1298382,9463.854699711304,nan,-,-,-,-,-
198,7.92,-1306152,8232.866125796485,nan,-,-,-,-,-
199,7.96,-1314066,4024.0446653611707,nan,-,-,-,-,-
200,8.0,-1320927,-523.4863512194424,nan,-,-,-,-,-
201,8.04,-1327422,-2877.459895994476,nan,-,-,-,-,-
202,8.08,-1333298,-2967.1433063944905,nan,-,-,-,-,-
203,8.12,-1338544,-2324.0119215872032,nan,-,-,-,-,-
204,8.16,-1343802,-2104.5891036740463,nan,-,-,-,-,-
205,8.2,-1335096,-2920.9891756433626,nan,-,-,-,-,-
206,8.24,-1282748,-5289.0685743247595,nan,-,-,-,-,-
207,8.28,-1273287,-5880.435734914652,nan,-,-,-,-,-
208,8.32,-1278284,-5265.332254487039,nan,-,-,-,-,-
209,8.36,-1282497,-3946.8050057101427,nan,-,-,-,-,-
210,8.4,-1284335,-2261.3273460705113,nan,-,-,-,-,-
211,8.44,-1288713,-393.90423114023724,nan,-,-,-,-,-
212,8.48,-1291598,1417.6165224852684,nan,-,-,-,-,-
213,8.52,-1289623,3343.331938885425,nan,-,-,-,-,-
214,8.56,-1290275,5896.103700270041,nan,-,-,-,-,-
215,8.6,-1295060,8478.50189149718,nan,-,-,-,-,-
216,8.64,-1302265,9236.192274735386,nan,-,-,-,-,-
217,8.68,-1311394,6812.167216514659,nan,-,-,-,-,-
218,8.72,-1318681,2182.9178264803286,nan,-,-,-,-,-
219,8.76,-1325879,-1732.636671256767,nan,-,-,-,-,-
220,8.8,-1332390,-3199.2495715518216,nan,-,-,-,-,-
221,8.84,-1338359,-2829.3453156466257,nan,-,-,-,-,-
222,8.88,-1344188,-2131.724253908782,nan,-,-,-,-,-
223,8.92,-1308907,-3240.0986254256823,nan,-,-,-,-,-
224,8.96,-1279145,-4624.482744929919,nan,-,-,-,-,-
226,9.04,-1289919,-4827.07609158696,nan,-,-,-,-,-
227,9.08,-1293464,-4046.960835709502,nan,-,-,-,-,-
228,9.12,-1298985,-2538.3743643410617,nan,-,-,-,-,-
229,9.16,-1300794,-811.1206920447976,nan,-,-,-,-,-
230,9.2,-1296518,926.6611614182825,nan,-,-,-,-,-
231,9.24,-1297505,3257.7910171307803,nan,-,-,-,-,-
232,9.28,-1303485,6080.151502307821,nan,-,-,-,-,-
233,9.32,-1310337,8039.655786911098,nan,-,-,-,-,-
234,9.36,-1317135,7369.9679300314765,nan,-,-,-,-,-
235,9.4,-1323747,3886.1176556288738,nan,-,-,-,-,-
236,9.44,-1331422,-183.55128040717682,nan,-,-,-,-,-
237,9.48,-1337215,-2442.778319621735,nan,-,-,-,-,-
238,9.52,-1342555,-2406.696881912553,nan,-,-,-,-,-
239,9.56,-1344030,-1573.2643139913876,nan,-,-,-,-,-
240,9.6,-1292121,-2908.844700708687,nan,-,-,-,-,-
241,9.64,-1276397,-3849.365577197663,nan,-,-,-,-,-
242,9.68,-1280857,-4342.933598326621,nan,-,-,-,-,-
243,9.72,-1284302,-4325.035230527319,nan,-,-,-,-,-
244,9.76,-1285254,-3523.3661812674877,nan,-,-,-,-,-
245,9.8,-1289015,-2024.0165276441785,nan,-,-,-,-,-
246,9.84,-1291072,-325.10900328555,nan,-,-,-,-,-
247,9.88,-1289189,1566.810413337691,nan,-,-,-,-,-
248,9.92,-1290895,4188.71879445985,nan,-,-,-,-,-
249,9.96,-1296644,7138.287383078417,nan,-,-,-,-,-
250,10.0,-1303099,8641.3524930905,nan,-,-,-,-,-
251,10.04,-1309681,7042.533441050973,nan,-,-,-,-,-
252,10.08,-1316701,2912.636892768227,nan,-,-,-,-,-
253,10.12,-1323353,-1087.4567033832045,nan,-,-,-,-,-
254,10.16,-1329426,-2878.5797243294455,nan,-,-,-,-,-
255,10.2,-1335064,-2720.84643871742,nan,-,-,-,-,-
256,10.24,-1340865,-2084.864945873851,nan,-,-,-,-,-
257,10.28,-1311289,-3049.989314010476,nan,-,-,-,-,-
258,10.32,-1274259,-4693.751175088815,nan,-,-,-,-,-
259,10.36,-1274172,-5094.7288818430425,nan,-,-,-,-,-
260,10.4,-1278263,-4823.2224194867595,nan,-,-,-,-,-
261,10.44,-1278975,-3948.5721309431765,nan,-,-,-,-,-
262,10.48,-1281508,-2488.188257029383,nan,-,-,-,-,-
263,10.52,-1284718,-783.7939747029377,nan,-,-,-,-,-
264,10.56,-1283813,981.8398862998993,nan,-,-,-,-,-
265,10.6,-1284649,3292.226172802675,nan,-,-,-,-,-
266,10.64,-1289432,6196.298906798907,nan,-,-,-,-,-
267,10.68,-1295824,8477.856076525994,nan,-,-,-,-,-
268,10.72,-1302946,8298.149313899485,nan,-,-,-,-,-
269,10.76,-1310005,5127.912811391634,nan,-,-,-,-,-
270,10.8,-1316509,843.7690419633527,nan,-,-,-,-,-
271,10.84,-1322519,-2011.18373970224,nan,-,-,-,-,-
272,10.88,-1327949,-2696.267369606393,nan,-,-,-,-,-
273,10.92,-1333157,-2302.5775682282406,nan,-,-,-,-,-
274,10.96,-1338673,-2051.4321668035363,nan,-,-,-,-,-
275,11.0,-1336140,-2580.4701843163975,nan,-,-,-,-,-
276,11.04,-1286560,-4816.41571042798,nan,-,-,-,-,-
277,11.08,-1271873,-5605.918509471296,nan,-,-,-,-,-
278,11.12,-1275004,-5143.974450158548,nan,-,-,-,-,-
279,11.16,-1278517,-3974.8754870133707,nan,-,-,-,-,-
280,11.2,-1279272,-2455.606875892254,nan,-,-,-,-,-
281,11.24,-1281777,-760.304494533616,nan,-,-,-,-,-
282,11.28,-1285272,952.1340599032319,nan,-,-,-,-,-
283,11.32,-1283889,2733.6810189197386,nan,-,-,-,-,-
284,11.36,-1283868,5119.769325203606,nan,-,-,-,-,-
285,11.4,-1288532,7787.379761258064,nan,-,-,-,-,-
286,11.44,-1294585,8995.764668693515,nan,-,-,-,-,-
287,11.48,-1301617,7203.589502734203,nan,-,-,-,-,-
288,11.52,-1308854,3029.3785962559177,nan,-,-,-,-,-
289,11.56,-1315584,-928.6820495353786,nan,-,-,-,-,-
290,11.6,-1321703,-2728.4188761105324,nan,-,-,-,-,-
291,11.64,-1327599,-2663.778757707677,nan,-,-,-,-,-
292,11.68,-1333697,-2121.7431269071094,nan,-,-,-,-,-
293,11.72,-1330219,-2272.182816167132,nan,-,-,-,-,-
294,11.76,-1282020,-4260.989950300136,nan,-,-,-,-,-
295,11.8,-1274013,-5006.02762512269,nan,-,-,-,-,-
296,11.84,-1279466,-4955.235026876628,nan,-,-,-,-,-
297,11.88,-1284223,-4290.071683002969,nan,-,-,-,-,-
298,11.92,-1287154,-3064.8510377151483,nan,-,-,-,-,-
299,11.96,-1292235,-1434.4841881304792,nan,-,-,-,-,-
301,12.04,-1287874,1866.5997749536182,nan,-,-,-,-,-
302,12.08,-1290543,4335.49721643579,nan,-,-,-,-,-
303,12.12,-1296950,6951.608751157064,nan,-,-,-,-,-
304,12.16,-1303167,7975.2137730850845,nan,-,-,-,-,-
305,12.2,-1310483,6102.747761426888,nan,-,-,-,-,-
306,12.24,-1317249,2128.7132355718913,nan,-,-,-,-,-
307,12.28,-1323834,-1319.972170463032,nan,-,-,-,-,-
308,12.32,-1329391,-2527.949192349847,nan,-,-,-,-,-
309,12.36,-1334441,-1976.8565172750173,nan,-,-,-,-,-
310,12.4,-1338821,-1200.6936610139446,nan,-,-,-,-,-
311,12.44,-1304616,-2357.5237583002345,nan,-,-,-,-,-
312,12.48,-1272633,-4071.425356535612,nan,-,-,-,-,-
313,12.52,-1271080,-4779.894866328828,nan,-,-,-,-,-
314,12.56,-1275249,-4634.102374120384,nan,-,-,-,-,-
315,12.6,-1277063,-3700.5769458756945,nan,-,-,-,-,-
316,12.64,-1277989,-2225.522582284741,nan,-,-,-,-,-
317,12.68,-1282393,-440.41297410411244,nan,-,-,-,-,-
318,12.72,-1283391,1410.3089674299154,nan,-,-,-,-,-
319,12.76,-1281876,3648.515458229316,nan,-,-,-,-,-
320,12.8,-1285808,6441.9250063991785,nan,-,-,-,-,-
321,12.84,-1292031,8480.6718869405,nan,-,-,-,-,-
322,12.88,-1299475,7988.710689239675,nan,-,-,-,-,-
323,12.92,-1307988,4655.485444491776,nan,-,-,-,-,-
324,12.96,-1315511,413.9274269515754,nan,-,-,-,-,-
325,13.0,-1322750,-2282.598367973187,nan,-,-,-,-,-
326,13.04,-1328796,-2879.4989383141437,nan,-,-,-,-,-
327,13.08,-1334708,-2458.8209904984506,nan,-,-,-,-,-
328,13.12,-1340606,-2157.40450001876,nan,-,-,-,-,-
329,13.16,-1320121,-3150.4030741807655,nan,-,-,-,-,-
330,13.2,-1275477,-5136.759078832896,nan,-,-,-,-,-
331,13.24,-1268267,-5724.546955576727,nan,-,-,-,-,-
332,13.28,-1272057,-5364.210034311676,nan,-,-,-,-,-
333,13.32,-1274476,-4287.654314952035,nan,-,-,-,-,-
334,13.36,-1274388,-2707.7524153044483,nan,-,-,-,-,-
335,13.4,-1278431,-747.6718309535872,nan,-,-,-,-,-
336,13.44,-1281379,1296.1012538673567,nan,-,-,-,-,-
337,13.48,-1280270,3571.210139593759,nan,-,-,-,-,-
338,13.52,-1282135,6426.814968811117,nan,-,-,-,-,-
339,13.56,-1287283,8981.196133202653,nan,-,-,-,-,-
340,13.6,-1293744,9333.863045867432,nan,-,-,-,-,-
341,13.64,-1300678,6492.406325867316,nan,-,-,-,-,-
342,13.68,-1307626,1929.657163738906,nan,-,-,-,-,-
343,13.72,-1314428,-1623.859633580665,nan,-,-,-,-,-
344,13.76,-1320629,-2892.225740102798,nan,-,-,-,-,-
345,13.8,-1326563,-2683.9590926524834,nan,-,-,-,-,-
346,13.84,-1332250,-2311.0025781213476,nan,-,-,-,-,-
347,13.88,-1337874,-2317.7842560459844,nan,-,-,-,-,-
348,13.92,-1343401,-2629.658838316281,nan,-,-,-,-,-
349,13.96,-1345021,-3125.797307255175,nan,-,-,-,-,-
350,14.0,-1291693,-5147.807550533929,nan,-,-,-,-,-
351,14.04,-1271492,-5592.620084702954,nan,-,-,-,-,-
352,14.08,-1273494,-4733.619066448358,nan,-,-,-,-,-
353,14.12,-1277728,-3340.105854949652,nan,-,-,-,-,-
354,14.16,-1279373,-1781.057866733649,nan,-,-,-,-,-
355,14.2,-1282341,-144.0337507238237,nan,-,-,-,-,-
356,14.24,-1286433,1498.6394374434494,nan,-,-,-,-,-
357,14.28,-1284902,3200.861012637324,nan,-,-,-,-,-
358,14.32,-1286862,5657.458550620977,nan,-,-,-,-,-
359,14.36,-1293410,8556.022342451444,nan,-,-,-,-,-
360,14.4,-1301106,10080.14368411815,nan,-,-,-,-,-
361,14.44,-1309621,8391.427730536554,nan,-,-,-,-,-
362,14.48,-1317099,3821.990499019641,nan,-,-,-,-,-
363,14.52,-1323857,-850.8718204724319,nan,-,-,-,-,-
364,14.56,-1329987,-3253.1452110280425,nan,-,-,-,-,-
365,14.6,-1335635,-3441.7705441290673,nan,-,-,-,-,-
366,14.64,-1341609,-2907.3638656079215,nan,-,-,-,-,-
367,14.68,-1347019,-2771.908311624531,nan,-,-,-,-,-
368,14.72,-1327282,-3945.555931529918,nan,-,-,-,-,-
369,14.76,-1282373,-5982.319557414325,nan,-,-,-,-,-
370,14.8,-1277548,-6246.798916633044,nan,-,-,-,-,-
371,14.84,-1283145,-5373.833509700191,nan,-,-,-,-,-
372,14.88,-1288339,-3788.947337709111,nan,-,-,-,-,-
373,14.92,-1291676,-1914.0599338162656,nan,-,-,-,-,-
374,14.96,-1297331,14.602532634271483,nan,-,-,-,-,-
376,15.04,-1292864,3605.0360568995957,nan,-,-,-,-,-
377,15.08,-1295687,6254.544940422413,nan,-,-,-,-,-
378,15.12,-1302079,8650.86941177441,nan,-,-,-,-,-
379,15.16,-1308915,8830.110453982972,nan,-,-,-,-,-
380,15.2,-1316307,5837.738094831857,nan,-,-,-,-,-
381,15.24,-1323372,1197.1657198393186,nan,-,-,-,-,-
382,15.28,-1329999,-2258.091720232769,nan,-,-,-,-,-
383,15.32,-1336058,-3168.379763609717,nan,-,-,-,-,-
384,15.36,-1341564,-2418.167488260352,nan,-,-,-,-,-
385,15.4,-1346607,-1585.951395493193,nan,-,-,-,-,-
386,15.44,-1316238,-2622.166556869848,nan,-,-,-,-,-
387,15.48,-1277973,-4522.239731974514,nan,-,-,-,-,-
388,15.52,-1275841,-5224.628345335026,nan,-,-,-,-,-
389,15.56,-1280694,-5020.3317211376525,nan,-,-,-,-,-
390,15.6,-1284370,-3970.982516058015,nan,-,-,-,-,-
391,15.64,-1286625,-2378.099589582124,nan,-,-,-,-,-
392,15.68,-1292127,-495.16917290641504,nan,-,-,-,-,-
393,15.72,-1292735,1363.667510276904,nan,-,-,-,-,-
394,15.76,-1291370,3612.250769368855,nan,-,-,-,-,-
395,15.8,-1296670,6528.305812410905,nan,-,-,-,-,-
396,15.84,-1305215,8841.82005153837,nan,-,-,-,-,-
397,15.88,-1313971,8583.11264449474,nan,-,-,-,-,-
398,15.92,-1323763,5224.11329492557,nan,-,-,-,-,-
399,15.96,-1331393,598.7422812812256,nan,-,-,-,-,-
400,16.0,-1338056,-2557.2132014708423,nan,-,-,-,-,-
401,16.04,-1344141,-3335.2673282617707,nan,-,-,-,-,-
402,16.08,-1349612,-2826.7872428049836,nan,-,-,-,-,-
403,16.12,-1346845,-2637.890461143582,nan,-,-,-,-,-
404,16.16,-1294143,-4601.848974107685,nan,-,-,-,-,-
405,16.2,-1273363,-5815.3561628016105,nan,-,-,-,-,-
406,16.24,-1275511,-5984.5345402334315,nan,-,-,-,-,-
407,16.28,-1279184,-5296.538420411887,nan,-,-,-,-,-
408,16.32,-1280347,-3790.982096455927,nan,-,-,-,-,-
409,16.36,-1282035,-1723.644352848617,nan,-,-,-,-,-
410,16.4,-1286147,577.1826982321109,nan,-,-,-,-,-
411,16.44,-1285810,2925.4157240549393,nan,-,-,-,-,-
412,16.48,-1285350,5754.164422474971,nan,-,-,-,-,-
413,16.52,-1288953,8789.338260852066,nan,-,-,-,-,-
414,16.56,-1295279,10271.033878618193,nan,-,-,-,-,-
415,16.6,-1302400,8422.610207367532,nan,-,-,-,-,-
416,16.64,-1309481,3792.172158800815,nan,-,-,-,-,-
417,16.68,-1316283,-785.7763531901928,nan,-,-,-,-,-
418,16.72,-1323213,-3015.5639448650454,nan,-,-,-,-,-
419,16.76,-1329276,-3104.3508447160984,nan,-,-,-,-,-
420,16.8,-1335131,-2545.2812806135944,nan,-,-,-,-,-
421,16.84,-1340578,-2341.5118548508126,nan,-,-,-,-,-
422,16.88,-1345475,-2601.9376495519705,nan,-,-,-,-,-
423,16.92,-1302961,-4549.0193165901765,nan,-,-,-,-,-
424,16.96,-1272567,-5897.391944662348,nan,-,-,-,-,-
425,17.0,-1270776,-5754.187863715386,nan,-,-,-,-,-
426,17.04,-1275325,-4694.442653629743,nan,-,-,-,-,-
427,17.08,-1277560,-3159.162046720093,nan,-,-,-,-,-
428,17.12,-1278742,-1430.8939095580404,nan,-,-,-,-,-
429,17.16,-1283834,441.5118788696327,nan,-,-,-,-,-
430,17.2,-1283343,2301.1242416210807,nan,-,-,-,-,-
431,17.24,-1282159,4690.228354326413,nan,-,-,-,-,-
432,17.28,-1285697,7646.703328830034,nan,-,-,-,-,-
433,17.32,-1292964,9725.078687736883,nan,-,-,-,-,-
434,17.36,-1300814,8913.326828869252,nan,-,-,-,-,-
435,17.4,-1308796,5010.747901680912,nan,-,-,-,-,-
436,17.44,-1316259,319.5192328007033,nan,-,-,-,-,-
437,17.48,-1323437,-2541.0628027286384,nan,-,-,-,-,-
438,17.52,-1328855,-3115.460899527762,nan,-,-,-,-,-
439,17.56,-1334490,-2616.191555701812,nan,-,-,-,-,-
440,17.6,-1333192,-2502.2050533047595,nan,-,-,-,-,-
441,17.64,-1283720,-4422.943225370414,nan,-,-,-,-,-
442,17.68,-1268404,-5453.143190484894,nan,-,-,-,-,-
443,17.72,-1272089,-5597.791243316555,nan,-,-,-,-,-
444,17.76,-1277544,-4994.59340607398,nan,-,-,-,-,-
445,17.8,-1280538,-3696.55834885871,nan,-,-,-,-,-
446,17.84,-1285343,-1855.0258282433524,nan,-,-,-,-,-
447,17.88,-1288180,99.2198648722715,nan,-,-,-,-,-
448,17.92,-1283884,2062.9320187391677,nan,-,-,-,-,-
449,17.96,-1283256,4635.396374568617,nan,-,-,-,-,-
451,18.04,-1294997,8792.450928432754,nan,-,-,-,-,-
452,18.08,-1302958,7090.703456582232,nan,-,-,-,-,-
453,18.12,-1308901,2852.305507459656,nan,-,-,-,-,-
454,18.16,-1315784,-1157.460835319369,nan,-,-,-,-,-
455,18.2,-1321800,-2894.3292166565225,nan,-,-,-,-,-
456,18.24,-1327357,-2540.8584135175643,nan,-,-,-,-,-
457,18.28,-1332828,-1587.1000897490644,nan,-,-,-,-,-
458,18.32,-1329695,-1437.69593380888,nan,-,-,-,-,-
459,18.36,-1280468,-3508.93542535312,nan,-,-,-,-,-
460,18.4,-1261738,-4893.214776353256,nan,-,-,-,-,-
461,18.44,-1262326,-5243.980875070036,nan,-,-,-,-,-
462,18.48,-1265513,-4620.1596248375445,nan,-,-,-,-,-
463,18.52,-1266169,-3254.8867314814242,nan,-,-,-,-,-
464,18.56,-1267313,-1500.9893077231181,nan,-,-,-,-,-
465,18.6,-1271287,404.270501415529,nan,-,-,-,-,-
466,18.64,-1271143,2416.957799243997,nan,-,-,-,-,-
